experience,475
square,419
team,365
product,303
will,231
work,213
business,185
data,184
products,165
build,161
we,150
design,146
teams,142
you,139
strong,139
software,137
ability,134
engineering,130
systems,128
skills,126
marketing,124
management,124
development,119
the,117
years,116
new,115
customer,107
working,106
support,102
help,100
develop,97
technical,94
growth,91
payments,88
platform,87
engineer,84
manage,81
lead,80
company,80
tools,79
environment,78
across,77
customers,76
including,75
responsible,75
manager,74
drive,73
role,72
strategy,71
projects,70
sales,70
cross,69
building,69
services,69
communication,67
process,67
high,67
engineers,65
re,62
partner,61
degree,60
partners,60
as,60
compliance,60
ensure,59
knowledge,59
internal,58
developer,58
operations,57
financial,57
industry,56
make,55
functional,54
provide,54
maintain,54
key,53
end,53
ll,52
looking,52
closely,52
infrastructure,51
fast,50
can,50
needs,50
merchants,50
mobile,50
ruby,50
features,49
grow,49
best,48
point,48
android,48
performance,47
well,47
risk,47
collaborate,47
use,47
create,47
sale,47
finance,46
understanding,46
web,46
excellent,45
highly,45
sellers,45
external,45
technologies,45
within,45
developers,45
impact,44
leadership,44
ios,44
this,43
day,43
caviar,43
our,43
related,42
communicate,42
people,42
analysis,42
analytics,42
senior,42
system,42
java,42
strategic,41
developing,41
service,41
improve,41
processes,41
reporting,41
managing,41
time,40
candidate,40
growing,40
security,40
research,40
oriented,39
existing,39
familiarity,39
us,39
managers,38
making,38
using,37
apis,37
capital,37
code,37
results,36
creative,36
one,36
accounting,36
track,35
preferred,35
world,35
opportunities,35
relevant,35
metrics,35
technology,35
desire,35
like,35
requirements,35
project,34
also,34
scale,34
analytical,34
multiple,34
solutions,34
demonstrated,34
leading,33
paced,33
passion,33
businesses,33
issues,33
go,33
organization,33
decisions,33
required,32
complex,32
learn,32
test,32
cloud,32
learning,31
written,31
level,31
problems,31
understand,31
act,31
an,31
international,31
automation,31
open,31
must,30
plus,30
global,30
events,30
operational,29
initiatives,29
every,29
science,29
small,29
testing,29
hardware,29
implement,29
applications,29
focus,28
problem,28
identify,28
great,28
account,28
deliver,28
practices,28
expertise,28
legal,28
payment,28
effectively,27
solving,27
analyst,27
equivalent,27
based,27
run,27
relationships,27
network,27
payroll,27
channels,26
success,26
full,26
rails,26
in,25
direct,25
information,25
credit,25
office,25
computer,25
decision,25
millions,25
regulatory,25
source,25
app,25
linux,25
tax,25
delivery,24
reliable,24
documentation,24
simple,24
way,24
stakeholders,24
proven,24
focused,24
etc,24
bachelor,24
python,24
platforms,24
record,24
user,24
cost,24
experiences,24
application,24
members,23
critical,23
order,23
at,23
value,23
variety,23
large,23
market,23
rapidly,23
hiring,23
cash,23
designers,23
core,23
stack,23
server,23
driving,22
quickly,22
review,22
least,22
markets,22
self,22
define,22
write,22
writing,22
it,22
able,21
field,21
need,21
others,21
improvement,21
part,21
solve,21
believe,21
be,21
practical,21
mysql,21
good,21
training,21
join,21
architecture,21
side,21
javascript,21
ember,21
bs,20
tech,20
verbal,20
monitor,20
sql,20
interest,20
assist,20
entire,20
love,20
commerce,20
vendor,20
efforts,20
quality,20
machine,20
scalable,20
right,20
recruiting,20
individual,19
professional,19
include,19
detail,19
necessary,19
curiosity,19
directly,19
things,19
partnership,19
own,19
execution,19
strategies,19
ideas,19
take,19
exceptional,19
helping,19
seller,19
driven,19
online,19
restaurant,18
functionally,18
ensuring,18
interpersonal,18
fraud,18
roles,18
collaborative,18
real,18
partnerships,18
accounts,18
insights,18
local,18
report,18
candidates,18
event,18
talent,18
approach,18
production,18
corporate,18
audit,18
processing,18
ba,17
leaders,17
passionate,17
plans,17
activities,17
timely,17
feedback,17
better,17
get,17
tests,17
beautiful,17
trust,17
enable,17
onboarding,17
perform,17
continuous,17
participate,17
distributed,17
retail,16
motivated,16
class,16
email,16
overall,16
minimum,16
year,16
creating,16
ideal,16
member,16
goals,16
easy,16
restaurants,16
want,16
levels,16
contribute,16
position,16
solid,16
executive,16
operating,16
brand,16
lifecycle,16
sox,16
mission,16
frameworks,16
used,16
js,16
priorities,15
efficiency,15
seeking,15
culture,15
improvements,15
analyze,15
planning,15
meet,15
person,15
contract,15
merchant,15
wide,15
comfortable,15
innovative,15
around,15
positive,15
front,15
roadmap,15
start,15
ui,15
optimize,15
models,15
line,15
program,15
vendors,15
many,15
direction,15
apps,15
supporting,15
programs,15
pipeline,15
house,15
designing,15
procurement,15
influence,14
mentor,14
deep,14
tasks,14
attention,14
via,14
interactions,14
leverage,14
ve,14
background,14
companies,14
successful,14
consistent,14
hire,14
attitude,14
campaigns,14
previous,14
preferably,14
monitoring,14
card,14
databases,14
standards,14
hands,14
counsel,14
important,13
serve,13
leader,13
policies,13
modeling,13
organizational,13
providing,13
please,13
food,13
long,13
clear,13
have,13
possible,13
experienced,13
executives,13
integrate,13
prioritize,13
exciting,13
opportunity,13
google,13
performing,13
automate,13
big,13
users,13
find,13
effective,13
recruiter,13
first,13
integration,13
regulations,13
bank,13
controls,13
sourcing,13
employee,12
reports,12
prior,12
guidance,12
transactions,12
client,12
facing,12
everyone,12
includes,12
changing,12
access,12
without,12
implementation,12
community,12
presentation,12
database,12
thrive,12
change,12
share,12
set,12
power,12
engagement,12
visual,12
maintaining,12
status,12
consumer,12
base,12
efficient,12
low,12
term,12
swift,12
couriers,12
language,12
paid,12
execute,12
vision,12
hand,12
public,12
functions,12
current,12
protocol,12
languages,12
available,12
scaling,11
future,11
procedures,11
call,11
buyers,11
back,11
move,11
close,11
channel,11
general,11
next,11
innate,11
leads,11
engage,11
model,11
collaboration,11
builds,11
logistics,11
play,11
supply,11
areas,11
sense,11
plan,11
manner,11
shipping,11
active,11
investment,11
aspects,11
law,11
responsibilities,11
deployment,11
oracle,11
applying,11
electrical,11
modern,11
designs,11
past,10
volume,10
excel,10
know,10
feel,10
selling,10
career,10
identifying,10
someone,10
built,10
api,10
consulting,10
expert,10
expand,10
voice,10
independently,10
amazing,10
broader,10
portfolio,10
questions,10
programming,10
common,10
risks,10
ship,10
feature,10
actionable,10
ways,10
improving,10
analysts,10
appropriate,10
allow,10
inventory,10
various,10
due,10
significant,10
state,10
commercial,10
banking,10
automated,10
creation,10
pipelines,10
objective,10
embedded,10
flows,10
dynamic,9
coach,9
measure,9
balance,9
english,9
revenue,9
ever,9
sound,9
along,9
hard,9
traffic,9
home,9
primary,9
consistently,9
10,9
enhance,9
annual,9
administration,9
communications,9
your,9
tracking,9
goal,9
primarily,9
outside,9
if,9
succeed,9
multi,9
logging,9
visualization,9
changes,9
proficiency,9
clearly,9
social,9
everything,9
optimization,9
style,9
dashboard,9
non,9
function,9
resolve,9
range,9
successfully,9
concepts,9
deploy,9
methods,9
diligence,9
reviews,9
party,9
basic,9
command,9
ci,9
aws,9
central,9
libraries,9
startup,8
optimizing,8
thinking,8
needed,8
tableau,8
tool,8
document,8
guidelines,8
think,8
idea,8
cards,8
faster,8
content,8
lines,8
talented,8
hr,8
present,8
terms,8
integrations,8
quarterly,8
objectives,8
html,8
comfort,8
even,8
relationship,8
fit,8
ecosystem,8
departments,8
empathy,8
bring,8
salesforce,8
generation,8
require,8
face,8
enablement,8
matter,8
friction,8
vertica,8
details,8
associated,8
pos,8
coordinate,8
extensive,8
detailed,8
come,8
quantitative,8
ownership,8
bonus,8
throughout,8
peers,8
developed,8
devices,8
daily,8
always,8
assess,8
executing,8
see,8
employees,8
job,8
collaborating,8
top,8
designed,8
increase,8
communities,8
solution,8
site,8
staff,8
control,8
lending,8
proactively,8
activity,8
chain,8
third,8
workday,8
debug,8
month,8
elegant,8
buffers,8
silicon,8
backend,8
terminal,8
provides,8
css,8
redis,8
helps,8
designer,8
gdpr,8
liaison,7
phone,7
determine,7
depth,7
integrity,7
flexible,7
resolution,7
buying,7
for,7
cohesive,7
pay,7
advocate,7
allows,7
beyond,7
do,7
achieve,7
establish,7
clients,7
internally,7
rapid,7
stage,7
deeply,7
messaging,7
oversee,7
analyses,7
agencies,7
works,7
answer,7
subject,7
health,7
scripting,7
etl,7
coordinator,7
purpose,7
economic,7
progress,7
fintech,7
superior,7
offerings,7
recommendations,7
economics,7
running,7
delivering,7
resources,7
challenges,7
space,7
interact,7
identity,7
beginning,7
matters,7
courier,7
continue,7
orientation,7
enjoy,7
availability,7
broad,7
roi,7
acquisition,7
digital,7
ad,7
head,7
shape,7
capable,7
operate,7
contracts,7
privacy,7
unix,7
concise,7
unique,7
maintenance,7
recruiters,7
directed,7
protocols,7
interested,7
what,7
pursuing,7
es6,7
sass,7
interfaces,7
aim,7
regulator,7
parts,7
span,7
tooling,7
seamlessly,7
particularly,6
resourceful,6
scheduling,6
handle,6
statistics,6
simultaneously,6
oral,6
willing,6
crm,6
follow,6
fluency,6
inspire,6
dedicated,6
engaging,6
schedule,6
squares,6
expectations,6
interaction,6
teammates,6
started,6
accept,6
register,6
they,6
per,6
city,6
favorite,6
sure,6
audiences,6
professionals,6
shared,6
assigned,6
relational,6
materials,6
enterprise,6
intuitive,6
organizations,6
conduct,6
approaches,6
managed,6
facilitate,6
country,6
win,6
dashboards,6
keep,6
done,6
different,6
negotiate,6
fair,6
area,6
similar,6
craft,6
diverse,6
taking,6
rest,6
secure,6
offer,6
ux,6
expose,6
media,6
ramp,6
hive,6
github,6
goods,6
allocation,6
configuration,6
principles,6
heart,6
campaign,6
capacity,6
integrating,6
may,6
enabling,6
advanced,6
monthly,6
yet,6
mindset,6
deal,6
confidence,6
address,6
troubleshooting,6
sell,6
guide,6
delightful,6
networking,6
applicants,6
basis,6
qualitative,6
integrated,6
especially,6
ecommerce,6
inbound,6
firm,6
drafting,6
negotiation,6
licensing,6
rules,6
money,6
pci,6
audits,6
roll,6
date,6
laws,6
actively,6
updates,6
auditors,6
analyzing,6
referral,6
loss,6
proficient,6
reach,6
much,6
depend,6
architectures,6
rotation,6
kafka,6
reader,6
frontend,6
react,6
contributing,6
docker,6
payable,6
weekly,5
abilities,5
increased,5
outstanding,5
workforce,5
trends,5
staffing,5
impacts,5
demonstrate,5
utilizing,5
combination,5
major,5
hold,5
exceed,5
agreements,5
minimize,5
potential,5
provided,5
resource,5
rethinking,5
fun,5
indicate,5
willingness,5
draft,5
consumers,5
eateries,5
individuals,5
are,5
pace,5
stay,5
friendly,5
evangelist,5
coding,5
entrepreneurial,5
roadmaps,5
travel,5
suite,5
translate,5
contribution,5
meetings,5
rigor,5
consider,5
requires,5
competitive,5
looker,5
coverage,5
natural,5
talk,5
inside,5
touch,5
onboard,5
constantly,5
player,5
experts,5
possess,5
coaching,5
protection,5
material,5
makers,5
leveraging,5
extremely,5
version,5
organized,5
quick,5
turn,5
components,5
unit,5
prototype,5
agile,5
ms,5
empowerment,5
competing,5
ideally,5
expansion,5
framework,5
master,5
insight,5
deposits,5
completion,5
prioritization,5
ltv,5
shaping,5
innovate,5
tangible,5
accomplish,5
group,5
additional,5
all,5
points,5
networks,5
2018,5
seamless,5
mechanisms,5
speed,5
live,5
connect,5
qualifications,5
become,5
moving,5
collaboratively,5
personal,5
owners,5
interviews,5
launch,5
branding,5
launches,5
color,5
san,5
francisco,5
responsibility,5
iterative,5
offline,5
advertising,5
setting,5
attract,5
canada,5
cpa,5
agency,5
australia,5
list,5
sizes,5
presence,5
hoc,5
committee,5
governance,5
judgment,5
applicable,5
firms,5
anti,5
intellectual,5
following,5
environments,5
ip,5
regulation,5
excellence,5
sensitive,5
protect,5
r12,5
flow,5
desired,5
sets,5
sourcer,5
partnering,5
accurate,5
anywhere,5
apply,5
equity,5
commitment,5
asset,5
gaap,5
sarbanes,5
oxley,5
robust,5
mspi,5
standard,5
dollars,5
pragmatic,5
eliminate,5
abundance,5
foundation,5
virtual,5
store,5
https,5
latency,5
grpc,5
strive,5
here,5
ground,5
stability,5
makes,5
fundamentals,5
transaction,5
preventing,5
golang,5
together,5
worked,5
sophisticated,5
rpc,5
culinary,5
supplier,5
serving,4
satisfaction,4
productivity,4
techniques,4
forecasting,4
collect,4
sources,4
patterns,4
schedules,4
post,4
actions,4
mitigate,4
associate,4
center,4
regular,4
bilingual,4
spanish,4
bar,4
owning,4
cases,4
established,4
contact,4
slas,4
genuine,4
continually,4
worker,4
university,4
hassles,4
burger,4
joint,4
hate,4
exact,4
starting,4
orders,4
concept,4
cadence,4
deals,4
propose,4
according,4
conditions,4
propositions,4
presenting,4
meeting,4
groups,4
capabilities,4
structure,4
cycle,4
smooth,4
trusted,4
establishing,4
refine,4
tactics,4
outbound,4
train,4
targets,4
sharing,4
gaps,4
communicating,4
externally,4
inform,4
collateral,4
compensation,4
segmentation,4
number,4
wants,4
criteria,4
task,4
functionality,4
transactional,4
validation,4
suppliers,4
milestones,4
discipline,4
certification,4
git,4
extraordinary,4
increasing,4
coordination,4
targeting,4
exposure,4
uniquely,4
align,4
diversity,4
iterate,4
appropriately,4
made,4
represent,4
releases,4
workflows,4
useful,4
impactful,4
total,4
challenging,4
types,4
ready,4
little,4
flexibility,4
innovation,4
troubleshoot,4
verification,4
consensus,4
lean,4
marketplace,4
runs,4
something,4
keen,4
ensures,4
balancing,4
surveys,4
life,4
target,4
usage,4
ongoing,4
discussions,4
national,4
motivation,4
ambiguity,4
methodologies,4
search,4
experimental,4
budget,4
maximize,4
budgets,4
deadlines,4
structured,4
uk,4
liaise,4
spend,4
stand,4
contributions,4
negotiating,4
closing,4
special,4
attorney,4
advise,4
launching,4
advising,4
creativity,4
organize,4
policy,4
workflow,4
sleeves,4
windows,4
administer,4
administrative,4
efficiently,4
manual,4
thorough,4
custom,4
scientists,4
passive,4
interview,4
forward,4
action,4
don,4
hundreds,4
globally,4
look,4
statements,4
prepare,4
specific,4
form,4
intelligent,4
integral,4
pricing,4
private,4
payrolls,4
benefit,4
funding,4
journal,4
reconciliations,4
now,4
liability,4
acting,4
positions,4
why,4
teach,4
pixel,4
perfect,4
several,4
device,4
powerful,4
kernel,4
firmware,4
bit,4
invoices,4
billions,4
fault,4
alerting,4
messages,4
personalized,4
recent,4
pride,4
microservices,4
thousands,4
smart,4
rate,4
detection,4
ingestion,4
requests,4
tutorials,4
near,4
with,4
multiplier,4
intern,4
rich,4
reliability,4
transforming,4
portal,4
release,4
on,4
com,4
kotlin,4
primitives,4
datastores,4
and,4
cultivate,4
size,4
failures,4
storage,4
apache,4
produce,4
sdks,4
confident,4
schematics,4
place,4
mdx,4
constructive,4
criticism,4
generalists,4
napkin,4
sketches,4
final,4
specifications,4
scientist,4
coast,4
ap,4
countries,4
indicators,3
happiness,3
mba,3
100,3
larger,3
limited,3
twitter,3
effectiveness,3
treat,3
gather,3
synthesize,3
upstream,3
proper,3
achieved,3
days,3
drivers,3
behavior,3
bi,3
representative,3
escalation,3
spoken,3
implementing,3
adapt,3
situations,3
shifts,3
weekends,3
holidays,3
empower,3
supported,3
root,3
since,3
pocket,3
laptop,3
friends,3
solver,3
still,3
somewhere,3
got,3
complicated,3
inquiries,3
foodies,3
duty,3
exceptionally,3
each,3
counts,3
strategically,3
efficiencies,3
both,3
prototypes,3
push,3
http,3
audience,3
builder,3
breadth,3
boarding,3
advisor,3
20,3
saas,3
participating,3
envision,3
generating,3
ambitious,3
skill,3
practice,3
colleagues,3
professionally,3
bringing,3
hungry,3
demand,3
smoothly,3
greater,3
ambassador,3
resilient,3
personality,3
no,3
largest,3
motivate,3
reading,3
focuses,3
chargeback,3
gathering,3
measuring,3
emails,3
visualizations,3
free,3
connected,3
early,3
amplitude,3
npi,3
manufacturing,3
board,3
securing,3
comprehend,3
tpm,3
requiring,3
distill,3
eye,3
pressure,3
reconciliation,3
french,3
example,3
airflow,3
message,3
investigate,3
b2c,3
loyalty,3
desktop,3
inception,3
delight,3
mind,3
qa,3
internet,3
constraints,3
expanding,3
plays,3
increasingly,3
streamlined,3
conversion,3
rates,3
churn,3
lifetime,3
to,3
compelling,3
queues,3
dollar,3
moves,3
vital,3
ease,3
defining,3
examine,3
specialist,3
bay,3
main,3
interface,3
equipment,3
prospective,3
backgrounds,3
anyone,3
awesome,3
30,3
accountable,3
counterparts,3
reduce,3
researcher,3
participants,3
study,3
familiar,3
conduit,3
retention,3
marketer,3
getting,3
kept,3
confidential,3
eeo,3
proactive,3
segments,3
marketers,3
attribution,3
stable,3
alignment,3
locations,3
choose,3
varying,3
festivals,3
orientated,3
domains,3
conducting,3
domestic,3
advisors,3
handling,3
forms,3
department,3
laundering,3
regulators,3
government,3
jd,3
secrecy,3
routers,3
wireless,3
upon,3
remain,3
advice,3
treasury,3
federal,3
phases,3
thought,3
tactical,3
alerts,3
inquisitive,3
conceptual,3
step,3
thoughtful,3
purchasing,3
bash,3
erp,3
scalability,3
enhancements,3
page,3
sourcers,3
invest,3
lot,3
understands,3
scope,3
fill,3
embrace,3
easily,3
mentoring,3
statement,3
fully,3
often,3
appreciate,3
difficult,3
opinions,3
usability,3
accuracy,3
semi,3
ledger,3
entries,3
ilc,3
respect,3
overseeing,3
negotiations,3
focusing,3
sdk,3
cs,3
electronics,3
spi,3
i2c,3
usb,3
debugging,3
arm,3
today,3
brave,3
responsive,3
jquery,3
mentorship,3
soc,3
physical,3
tamper,3
initial,3
cryptographic,3
cpu,3
validate,3
values,3
configure,3
correctness,3
reflection,3
delayed,3
lack,3
deploying,3
auditing,3
switches,3
latest,3
underlying,3
aspect,3
examples,3
file,3
soa,3
input,3
json,3
interesting,3
guice,3
explore,3
limiting,3
enables,3
buyer,3
link,3
picture,3
issue,3
occasionally,3
try,3
tweaking,3
regularly,3
paradigms,3
strength,3
apple,3
easier,3
giving,3
foundational,3
math,3
graduating,3
considered,3
sensible,3
generic,3
redshift,3
just,3
diners,3
postgres,3
object,3
another,3
provider,3
savvy,3
empowered,3
chip,3
checks,3
espresso,3
tolerant,3
streaming,3
how,3
rxswift,3
rxjava,3
extend,3
interactive,3
edge,3
3rd,3
batch,3
jobs,3
centers,3
pages,3
strongly,3
nfc,3
ipad,3
evolution,3
effort,3
family,3
massive,3
omnichannel,3
prototyping,3
accepting,3
from,3
print,3
accountant,3
assisting,3
sec,3
outsourcing,3
overnight,2
iterating,2
suggesting,2
utilize,2
adjust,2
adhering,2
education,2
college,2
incoming,2
assistance,2
bugs,2
queued,2
losses,2
feet,2
evenings,2
exceeding,2
guiding,2
complete,2
steps,2
answers,2
fiercely,2
loyal,2
energized,2
independent,2
hours,2
mix,2
week,2
cst,2
recognize,2
errors,2
talking,2
met,2
ultimate,2
hospitality,2
mentality,2
demeanor,2
history,2
40,2
proofs,2
demos,2
boundaries,2
technically,2
adapting,2
footprint,2
finding,2
dealing,2
uncertainty,2
put,2
minimal,2
articulate,2
charge,2
cfo,2
prospect,2
aptitude,2
complexity,2
conversations,2
quotas,2
aes,2
forecast,2
regarding,2
evolve,2
influencing,2
streamline,2
downstream,2
effects,2
infectiously,2
seat,2
dozens,2
added,2
aligned,2
who,2
uncover,2
price,2
strict,2
cold,2
calling,2
outward,2
beliefs,2
docs,2
docusign,2
dedication,2
assertive,2
persuasive,2
hustle,2
determination,2
determined,2
comprehensive,2
controlled,2
organizer,2
tracker,2
visibility,2
gsm,2
purchase,2
invoice,2
configurations,2
request,2
bom,2
numbers,2
defined,2
plm,2
administrator,2
matrix,2
receive,2
structures,2
comprehension,2
exchange,2
evangelize,2
blockers,2
energy,2
everywhere,2
kpi,2
junior,2
mathematics,2
mining,2
experiments,2
b2b,2
timelines,2
studies,2
offs,2
amaze,2
narratives,2
starter,2
instincts,2
atlanta,2
upmarket,2
kinds,2
concrete,2
these,2
reduced,2
dramatic,2
hone,2
explicit,2
rewarding,2
verticals,2
purchases,2
ach,2
decisive,2
prevention,2
previously,2
supervision,2
query,2
formal,2
acquiring,2
underwriting,2
loop,2
globe,2
flawlessly,2
firefighting,2
capture,2
systematic,2
fashion,2
factors,2
coupled,2
fleet,2
fleets,2
three,2
remote,2
queue,2
unlock,2
excited,2
japanese,2
contractual,2
obligations,2
generate,2
intelligence,2
acceptance,2
context,2
screen,2
setup,2
representing,2
speaking,2
skilled,2
eager,2
adobe,2
keynote,2
researchers,2
maximizing,2
aimed,2
sustained,2
incorporating,2
partnered,2
merit,2
competence,2
discriminate,2
race,2
religion,2
origin,2
gender,2
sexual,2
age,2
marital,2
veteran,2
disability,2
employment,2
qualified,2
criminal,2
histories,2
chance,2
ordinance,2
particular,2
mail,2
drtv,2
experimentation,2
fuel,2
gaining,2
funnel,2
interacting,2
unified,2
blog,2
posts,2
select,2
learnings,2
undergraduate,2
capability,2
tight,2
short,2
energetic,2
continues,2
outreach,2
compile,2
pop,2
ups,2
autonomously,2
seeks,2
venues,2
pre,2
procure,2
signing,2
perspective,2
impacting,2
dive,2
translating,2
findings,2
immediate,2
adventure,2
acquisitions,2
stages,2
membership,2
sometimes,2
kyc,2
gramm,2
leach,2
bliley,2
jurisdictions,2
ca,2
assessments,2
ssae16,2
cryptography,2
assessment,2
addressing,2
firewalls,2
outs,2
combined,2
weighted,2
attorneys,2
transparent,2
15,2
fcra,2
truth,2
tila,2
equal,2
transfer,2
bsa,2
relating,2
collection,2
other,2
listing,2
directives,2
directing,2
whose,2
emphasis,2
united,2
navigate,2
acumen,2
ahead,2
oncall,2
say,2
upgrades,2
conjunction,2
diagnose,2
fulfillment,2
acceptable,2
sla,2
operation,2
personnel,2
rollouts,2
impeccable,2
financials,2
ats,2
customization,2
taken,2
stipulated,2
expected,2
benefits,2
addition,2
objects,2
approval,2
triggers,2
gain,2
implementations,2
hierarchy,2
creatively,2
referrals,2
locate,2
engaged,2
begins,2
fundamental,2
applicant,2
unparalleled,2
insightful,2
novel,2
expect,2
adaptable,2
sounds,2
thoughts,2
prepared,2
case,2
sr,2
backup,2
wage,2
completed,2
adp,2
cycles,2
budgeting,2
reinvestment,2
fdic,2
measurement,2
shipped,2
towards,2
openness,2
signal,2
internals,2
modularization,2
uart,2
jtag,2
gdb,2
32,2
risc,2
processor,2
lab,2
empowering,2
compete,2
landscape,2
qunit,2
computers,2
excitement,2
ranging,2
art,2
os,2
shares,2
visualize,2
safety,2
involve,2
perl,2
tcp,2
is,2
popular,2
notifications,2
ml,2
browser,2
measurable,2
protobuf,2
less,2
initiative,2
single,2
second,2
jooq,2
matching,2
hibernate,2
spans,2
happen,2
whole,2
care,2
straightforward,2
currently,2
allowing,2
coming,2
eventually,2
structuring,2
consistency,2
safely,2
incorporate,2
bottom,2
some,2
protobufs,2
serves,2
soon,2
already,2
containers,2
infinite,2
either,2
container,2
array,2
computing,2
swath,2
frictions,2
maximum,2
pain,2
lxc,2
chef,2
featured,2
received,2
2017,2
lives,2
keeping,2
smarter,2
surrounding,2
shapes,2
reinforce,2
harder,2
wrong,2
thing,2
december,2
detecting,2
bad,2
actors,2
inspired,2
handles,2
parties,2
transform,2
means,2
auto,2
sitting,2
hear,2
pretty,2
homegrown,2
tune,2
ecs,2
entry,2
affect,2
hit,2
grows,2
coffeescript,2
zookeeper,2
instant,2
engineered,2
amazon,2
architect,2
construct,2
seek,2
mode,2
accurately,2
recognizes,2
gradle,2
dagger,2
entirely,2
authorization,2
transition,2
iam,2
highest,2
engine,2
gamut,2
migrate,2
hadoop,2
integrates,2
modular,2
quantifiable,2
which,2
retailers,2
adding,2
upcoming,2
pms,2
writer,2
aggressively,2
human,2
samples,2
evangelists,2
entirety,2
navigating,2
discovery,2
l4,2
l7,2
proxies,2
cascading,2
aggressive,2
minded,2
cutting,2
ods,2
host,2
servers,2
stream,2
beam,2
nice,2
uses,2
glue,2
idiomatic,2
runtimes,2
bare,2
metal,2
scales,2
involved,2
exploring,2
isn,2
powers,2
architectural,2
scikit,2
macos,2
precisely,2
p2,2
aggregation,2
cassandra,2
billion,2
connection,2
introduce,2
substantial,2
disruption,2
eu,2
founding,2
affected,2
chief,2
officer,2
interests,2
participation,2
newly,2
vpns,2
deposit,2
continuously,2
let,2
really,2
whether,2
grown,2
catalog,2
tell,2
demands,2
layout,2
crucial,2
appeal,2
turning,2
iphone,2
motion,2
keystone,2
redefining,2
elegance,2
landing,2
promise,2
credibility,2
typography,2
sketch,2
hypotheses,2
dirty,2
urgency,2
algorithms,2
numpy,2
pandas,2
anticipate,2
unstructured,2
conclusion,2
speaker,2
explain,2
oversight,2
west,2
location,2
menu,2
name,2
game,2
east,2
construction,2
guest,2
facilities,2
accrual,2
documents,2
expensify,2
rationalization,2
reduction,2
assurance,2
evaluation,2
costs,2
balances,2
3pl,2
sold,2
withholding,2
taxes,2
implications,2
incentives,2
comfortability,2
documented,2
optimizations,1
supporters,1
chat,1
strengthening,1
promoting,1
capitalizing,1
innovating,1
shrinkage,1
attrition,1
servicing,1
punctuality,1
dependability,1
spreadsheet,1
shift,1
attendance,1
hyperion,1
escalate,1
possessing,1
superb,1
nontraditional,1
moment,1
educate,1
submitting,1
proximity,1
cover,1
letter,1
fits,1
road,1
map,1
posted,1
rotating,1
mornings,1
entail,1
begin,1
00am,1
15pm,1
communicator,1
while,1
reward,1
optimal,1
hunger,1
ratings,1
sms,1
arguments,1
feasible,1
brainstorming,1
offering,1
premier,1
certified,1
attain,1
xml,1
restful,1
soap,1
speak,1
mid,1
sized,1
vp,1
20mm,1
listener,1
thinker,1
nebulous,1
cio,1
cmos,1
vps,1
prone,1
entrepreneurship,1
valuable,1
crisp,1
succinctly,1
fruition,1
75,1
encouraged,1
constructively,1
debate,1
freely,1
listening,1
incredible,1
dramatically,1
accelerate,1
solidify,1
nationwide,1
standardize,1
sessions,1
geographies,1
accordingly,1
positioning,1
broadly,1
steer,1
org,1
crave,1
worthy,1
eastside,1
enthusiastically,1
favorable,1
emailing,1
forefront,1
seattle,1
prospects,1
outperform,1
paying,1
garner,1
competition,1
coachability,1
biggest,1
infectious,1
simplifying,1
chargebacks,1
protecting,1
investing,1
recently,1
launched,1
specialize,1
recommending,1
deflection,1
stash,1
cm,1
consigned,1
drp,1
requisitions,1
receipts,1
matrices,1
deviations,1
bills,1
archive,1
hw,1
heavy,1
distribute,1
units,1
arena,1
overseas,1
lies,1
involvement,1
tpms,1
masters,1
tasking,1
equally,1
roomful,1
hashing,1
finish,1
connector,1
estimate,1
workstreams,1
highlight,1
removal,1
scrappy,1
solvable,1
pushing,1
questioning,1
quo,1
scrum,1
methodology,1
jira,1
pmp,1
specifically,1
bolstering,1
fluently,1
consolidating,1
disparate,1
intricacies,1
legacy,1
utilizes,1
produced,1
sciences,1
phd,1
statistical,1
conversions,1
carefully,1
differentiate,1
competitors,1
automating,1
deeper,1
dau,1
mau,1
measurements,1
drawn,1
seams,1
removing,1
navigated,1
delivers,1
gained,1
followership,1
specs,1
backlog,1
ultimately,1
foster,1
dynamics,1
prioritizing,1
trade,1
sequence,1
mandate,1
imagine,1
edit,1
toward,1
nyc,1
uptime,1
intent,1
served,1
shaped,1
unauthorized,1
unrecognizable,1
meaningful,1
embody,1
won,1
traditional,1
legitimacy,1
numerous,1
specified,1
escalations,1
departmental,1
organise,1
alongside,1
assignments,1
investigative,1
informal,1
or,1
resides,1
verifying,1
focal,1
going,1
usual,1
lagging,1
warning,1
match,1
routine,1
longer,1
recurring,1
affinity,1
deductive,1
incidents,1
emerging,1
six,1
sigma,1
piece,1
sided,1
instrumental,1
hub,1
blocks,1
fearless,1
lift,1
carry,1
approximately,1
pounds,1
continual,1
goodwill,1
kpis,1
fluent,1
overlapping,1
participant,1
facility,1
incentive,1
rapport,1
persistent,1
composure,1
tasker,1
varied,1
versed,1
survey,1
surveymonkey,1
ppt,1
slides,1
resonate,1
differentiation,1
reasoning,1
diversifies,1
coordinated,1
represents,1
posses,1
smb,1
seasonal,1
promotion,1
fly,1
analytic,1
untapped,1
unmet,1
finally,1
podcasts,1
organic,1
fresh,1
bold,1
allocate,1
incrementality,1
attribute,1
players,1
facebook,1
toronto,1
determining,1
competitor,1
influencers,1
ambassadors,1
faqs,1
testimonials,1
acquired,1
seo,1
sem,1
interplay,1
owned,1
whilst,1
ensuing,1
australian,1
organisers,1
proposals,1
music,1
boutique,1
sponsorship,1
comms,1
onsite,1
temporary,1
pack,1
listen,1
contacts,1
thinkers,1
genuinely,1
producers,1
concession,1
kit,1
supplies,1
provision,1
60,1
70,1
nps,1
csat,1
sensitivity,1
co,1
storytelling,1
qualtrics,1
decipher,1
manipulation,1
fieldwork,1
hybrid,1
extreme,1
mergers,1
definitive,1
preparation,1
subsidiary,1
certain,1
simultaneous,1
california,1
reviewing,1
disclosure,1
apttus,1
fincen,1
regimes,1
relations,1
bureau,1
escheatment,1
emv,1
variance,1
dependencies,1
corresponding,1
authorities,1
dss,1
iso,1
27001,1
cisa,1
cissp,1
crisc,1
cism,1
pts,1
pin,1
p2pe,1
iso27001,1
innovators,1
called,1
property,1
affecting,1
disclosures,1
concerning,1
governmental,1
registration,1
developments,1
glba,1
servicemembers,1
civil,1
relief,1
scra,1
ecoa,1
electronic,1
fund,1
efta,1
usury,1
debt,1
loan,1
brokers,1
seasoned,1
supports,1
closure,1
engages,1
enforcing,1
agreement,1
sanction,1
enforcement,1
verify,1
telephone,1
involving,1
institution,1
reputation,1
placing,1
progressive,1
strengthen,1
zero,1
states,1
convicting,1
spearhead,1
admirable,1
resonates,1
philosophy,1
director,1
av,1
curve,1
incident,1
disaster,1
recovery,1
retain,1
caliber,1
differently,1
yes,1
endpoints,1
laptops,1
desktops,1
vdi,1
prem,1
das,1
package,1
deployments,1
patches,1
infosec,1
outages,1
powershell,1
revolutionize,1
scripts,1
toolsets,1
gpo,1
wsus,1
packer,1
puppet,1
salt,1
chocolatey,1
tightly,1
agree,1
escalating,1
contractors,1
remotely,1
drill,1
evaluating,1
improved,1
sample,1
logic,1
projecting,1
alone,1
fields,1
layouts,1
views,1
installing,1
appexchange,1
imports,1
exports,1
loader,1
profiles,1
permission,1
analytically,1
scenario,1
teamwork,1
concurrent,1
certifications,1
soql,1
elite,1
wherever,1
recruitment,1
encourages,1
surface,1
activating,1
usually,1
relocation,1
recommend,1
potentially,1
resulting,1
resumes,1
linkedin,1
boolean,1
alternative,1
lifeblood,1
charged,1
conceive,1
alike,1
enjoyable,1
loves,1
brainstorm,1
overwhelmed,1
prob,1
attracting,1
qualities,1
undefined,1
inclusion,1
attending,1
tailored,1
sniff,1
readily,1
constant,1
nurture,1
referrers,1
controlling,1
assessing,1
mitigating,1
lastly,1
hearing,1
informed,1
calls,1
posed,1
understood,1
memorandums,1
question,1
accountability,1
facilitates,1
progression,1
judgement,1
maturity,1
about,1
under,1
duties,1
w2,1
inbox,1
respond,1
garnishments,1
unemployment,1
claims,1
tracers,1
processed,1
occurs,1
remittance,1
401k,1
comp,1
formulas,1
vlookups,1
pivot,1
tables,1
knowledgeable,1
hourly,1
relates,1
statutory,1
confidentiality,1
cp,1
supervisory,1
hris,1
sync,1
released,1
alm,1
accordance,1
dotted,1
ceo,1
utah,1
liquidity,1
assumptions,1
adequate,1
profitability,1
voting,1
properly,1
trained,1
supervised,1
examination,1
perseverance,1
industrial,1
cra,1
drives,1
worldwide,1
investments,1
japan,1
kingdom,1
pillars,1
five,1
outlooks,1
okrs,1
14,1
furthering,1
marshal,1
fbp,1
gtm,1
formulation,1
mine,1
predict,1
quantifying,1
returns,1
outcome,1
numerically,1
valuation,1
delights,1
subscribers,1
brings,1
superpowers,1
academic,1
unwavering,1
eagerness,1
userspace,1
tiny,1
ultra,1
ce,1
ee,1
oscilloscopes,1
analyzers,1
breaking,1
mocha,1
jasmine,1
fight,1
crime,1
continued,1
earn,1
topics,1
25,1
cultivating,1
packaging,1
meets,1
countermeasures,1
properties,1
boot,1
acceleration,1
memory,1
defeating,1
defending,1
injection,1
glitching,1
attacks,1
reverse,1
exploitation,1
finished,1
bringup,1
fpgas,1
characterization,1
rtl,1
bus,1
peripheral,1
connecting,1
datacenters,1
offices,1
utilization,1
bug,1
fixes,1
very,1
routing,1
bgp,1
ospf,1
installations,1
junos,1
f5,1
arista,1
eos,1
centos,1
snmp,1
ipfix,1
netconf,1
openconfig,1
highlighting,1
detailing,1
reliably,1
guarantee,1
been,1
pains,1
classes,1
promises,1
bachelors,1
oauth,1
identities,1
clustered,1
queries,1
guava,1
targeted,1
signals,1
truly,1
identifies,1
output,1
lucene,1
assign,1
relative,1
priority,1
stakeholder,1
difference,1
junit,1
jersey,1
save,1
recurrently,1
universal,1
linking,1
sit,1
atop,1
hoping,1
gen,1
persons,1
schema,1
majority,1
corralling,1
paint,1
coherent,1
exist,1
existed,1
arranging,1
jump,1
destabilizing,1
navigational,1
additions,1
surfaced,1
lets,1
styling,1
concurrently,1
versions,1
uis,1
unduly,1
disrupting,1
anybody,1
spite,1
unreliable,1
inclinations,1
mvc,1
rspec,1
s2s,1
devenv,1
dual,1
secondly,1
staging,1
couple,1
completely,1
heavily,1
switching,1
commit,1
pushed,1
elastic,1
switch,1
practitioner,1
consists,1
vast,1
interdependent,1
lower,1
pleasant,1
bottlenecks,1
complementary,1
kochiku,1
sourced,1
check,1
io,1
mesos,1
intersection,1
secondary,1
osx,1
send,1
siri,1
imessage,1
onstage,1
enabled,1
spending,1
electronically,1
boring,1
comparison,1
gorgeous,1
animations,1
nuanced,1
aims,1
interns,1
perks,1
tons,1
clubs,1
plugged,1
latinx,1
squeers,1
womeng,1
grads,1
stocked,1
micro,1
kitchens,1
june,1
2021,1
internships,1
weeks,1
defy,1
magical,1
fullstack,1
acquire,1
omni,1
rewards,1
offers,1
saves,1
eliminates,1
stress,1
excite,1
given,1
stretch,1
bigger,1
django,1
postgresql,1
polished,1
cocoa,1
never,1
encyclopedia,1
multiply,1
suitable,1
d3,1
olap,1
warehouses,1
but,1
amount,1
equate,1
exactly,1
eases,1
discoverability,1
curation,1
roughly,1
ec2,1
instance,1
joy,1
migration,1
happy,1
maybe,1
click,1
button,1
elasticsearch,1
balanced,1
supportive,1
path,1
memcache,1
migrated,1
rather,1
janky,1
onto,1
dms,1
super,1
realtime,1
moved,1
heroku,1
plague,1
cheaper,1
funds,1
whenever,1
boundary,1
performed,1
reconciling,1
commission,1
60b,1
annually,1
captured,1
accounted,1
bridges,1
consultation,1
bigquery,1
petabyte,1
attempting,1
compliant,1
pathways,1
minimally,1
constraining,1
unencumbered,1
nearly,1
limitless,1
defense,1
autonomy,1
maneuver,1
routines,1
underbelly,1
not,1
only,1
permanent,1
firefighter,1
spotting,1
seizing,1
owner,1
might,1
modularize,1
reuse,1
tie,1
contactless,1
tickets,1
itemized,1
refunds,1
stored,1
revamped,1
mock,1
whatever,1
kif,1
transport,1
cocoapods,1
sweet,1
two,1
squareup,1
appointments,1
okbuck,1
leakcanary,1
mortar,1
okhttp,1
lofty,1
convert,1
writers,1
authentication,1
socialize,1
author,1
layers,1
oauth2,1
improves,1
massively,1
depending,1
holding,1
negatively,1
pivotal,1
powering,1
replication,1
foundations,1
performant,1
clean,1
among,1
prolific,1
contributors,1
born,1
same,1
retrofit,1
leak,1
canary,1
sustainable,1
wiat,1
centric,1
though,1
necessarily,1
iterates,1
impossible,1
reality,1
alive,1
fastest,1
retrolambda,1
reactive,1
programing,1
j2objc,1
being,1
retailer,1
merchandise,1
return,1
knew,1
town,1
combine,1
optimized,1
catalogs,1
doesn,1
york,1
drawing,1
explains,1
educating,1
informing,1
democratize,1
editor,1
evolving,1
reference,1
guides,1
markdown,1
pseudocode,1
php,1
net,1
macintosh,1
dom,1
geographically,1
bedrock,1
et,1
al,1
easiest,1
spanning,1
row,1
choices,1
oltp,1
maintains,1
develops,1
redundancy,1
gives,1
datastore,1
tuning,1
reusable,1
streams,1
curate,1
graph,1
rethink,1
derives,1
reverberate,1
corner,1
unify,1
instrument,1
tbs,1
pbs,1
historical,1
pubsub,1
kinesis,1
log,1
dataflow,1
spark,1
storm,1
munging,1
abstractions,1
inter,1
vetted,1
machines,1
hosted,1
ins,1
preferable,1
immutable,1
disciplinary,1
obtaining,1
subtle,1
differences,1
computational,1
mostly,1
facet,1
throughput,1
tradeoffs,1
break,1
showing,1
negative,1
ended,1
frontiers,1
invested,1
teaching,1
autonomous,1
solvers,1
slack,1
celebrate,1
successes,1
publish,1
talks,1
ordering,1
tough,1
algorithmic,1
productionization,1
osrm,1
classic,1
dropwizard,1
typhoon,1
worry,1
velocity,1
bandwidth,1
workloads,1
vm,1
virtualization,1
containerization,1
toolchain,1
dependency,1
jenkins,1
teamcity,1
travis,1
circle,1
compilers,1
datacenter,1
ops,1
ansible,1
xcode,1
maven,1
simulator,1
operates,1
repeatable,1
wider,1
commodify,1
pieces,1
cater,1
codenamed,1
loosely,1
kubernetes,1
querying,1
deployed,1
nosql,1
consul,1
satisfied,1
syscall,1
exception,1
depends,1
extensions,1
bootloaders,1
symmetric,1
asymmetric,1
socs,1
porting,1
battery,1
powered,1
turns,1
tablet,1
category,1
advances,1
introduced,1
countertop,1
alternate,1
maintainable,1
flakiness,1
manually,1
atl,1
grad,1
scala,1
european,1
doing,1
minimizes,1
nexus,1
conformance,1
insure,1
safeguards,1
attend,1
conferences,1
db,1
warehousing,1
websites,1
peripherals,1
jruby,1
jetty,1
hbase,1
operated,1
discovered,1
vulnerabilities,1
firewall,1
load,1
balancers,1
circuit,1
covering,1
erb,1
shell,1
impressive,1
multitask,1
interrupt,1
failure,1
factory,1
investigation,1
cause,1
triage,1
immediately,1
fee,1
tasked,1
quotaservice,1
formed,1
force,1
aiming,1
laying,1
effortlessly,1
scratch,1
pants,1
buildpacks,1
unblock,1
exponentially,1
infra,1
salary,1
insurance,1
fitness,1
massage,1
vacation,1
maternal,1
paternal,1
leave,1
wellness,1
celebrations,1
definitely,1
heard,1
centered,1
delighting,1
ride,1
wave,1
combining,1
exposes,1
trajectory,1
economy,1
white,1
loans,1
read,1
watch,1
videos,1
dreams,1
fortunate,1
went,1
last,1
18,1
months,1
ares,1
quotes,1
dna,1
so,1
translates,1
after,1
asking,1
found,1
digging,1
lost,1
sacrificing,1
felt,1
treated,1
compared,1
swag,1
lunch,1
goodies,1
referring,1
welcomed,1
listened,1
answered,1
escorted,1
interviewed,1
excites,1
friend,1
invite,1
introduction,1
expands,1
coexist,1
manufacturability,1
quantities,1
craves,1
pcb,1
rs232,1
processors,1
emc,1
frequency,1
bluetooth,1
manufacturers,1
asia,1
internationally,1
spice,1
simulation,1
analog,1
forums,1
delivered,1
took,1
revolutionary,1
everybody,1
section,1
showcase,1
presentations,1
locally,1
abroad,1
typical,1
true,1
crux,1
fact,1
instead,1
view,1
venture,1
emotional,1
functionalities,1
soho,1
squarespace,1
etsy,1
consideration,1
submit,1
enjoyment,1
iteratively,1
editors,1
maps,1
personas,1
storyboarding,1
journeys,1
played,1
crafting,1
rely,1
granular,1
directions,1
theory,1
carried,1
dread,1
invision,1
course,1
ol,1
confirm,1
participated,1
extended,1
cashflow,1
shorten,1
distance,1
living,1
shop,1
illustrations,1
advertisements,1
coder,1
implemented,1
featuring,1
illustration,1
iconography,1
elements,1
perfection,1
obsessed,1
blessed,1
taste,1
absolute,1
pro,1
abstract,1
visuals,1
wordpress,1
hubspot,1
video,1
aid,1
encompasses,1
90,1
derive,1
hackers,1
statisticians,1
optimizers,1
distilling,1
wrangling,1
frame,1
summarize,1
scientific,1
versatility,1
sklearn,1
regression,1
ensemble,1
bayesian,1
causal,1
inference,1
etls,1
answering,1
interpreting,1
wealth,1
essentially,1
reinvents,1
bitbucket,1
connects,1
checkout,1
subscription,1
financing,1
ideation,1
copywriting,1
grm,1
penetration,1
drip,1
outlined,1
assets,1
communicates,1
invests,1
holds,1
executes,1
assigns,1
delegates,1
monitors,1
comfortably,1
perceived,1
knows,1
fantastic,1
inspirational,1
motivational,1
trainings,1
engagements,1
hosting,1
classroom,1
filled,1
competent,1
secondarily,1
bases,1
executor,1
differentiator,1
fiscally,1
periodic,1
spaces,1
dining,1
industries,1
sector,1
moderate,1
melbourne,1
proficiently,1
parallel,1
thrives,1
methodical,1
story,1
sf,1
wire,1
currencies,1
po,1
credits,1
expense,1
enough,1
ethic,1
guru,1
sub,1
essential,1
consolidation,1
incremental,1
relentless,1
cradle,1
grave,1
providers,1
exceptions,1
addresses,1
viability,1
continuity,1
initiation,1
utility,1
formulate,1
selection,1
negotiated,1
msa,1
requesting,1
corrective,1
fulfilling,1
fallback,1
benchmarks,1
arrangements,1
pcard,1
repeat,1
tail,1
identification,1
realization,1
saving,1
savings,1
compromising,1
performs,1
requisite,1
workplace,1
transparency,1
organizing,1
nimble,1
extract,1
accredited,1
tier,1
calculations,1
warranty,1
reserves,1
expenditures,1
margin,1
expenses,1
reserve,1
sheet,1
respective,1
gl,1
cogs,1
proof,1
discrepancies,1
shipments,1
transit,1
deferred,1
quarter,1
modules,1
adherence,1
desirable,1
sap,1
intermediate,1
invoicing,1
accruals,1
w8s,1
1099,1
motivating,1
payables,1
subledger,1
outsourced,1
attentive,1
sides,1
argument,1
memos,1
nature,1
offshoring,1
informational,1
fatca,1
1441,1
6050w,1
vat,1
exempt,1
obtained,1
type,1
jurisdiction,1
exposures,1
asc,1
740,1
upbeat,1
lots,1
bright,1
minds,1
microsoft,1
unquestionable,1
possesses,1
fin,1
grasp,1
mapping,1
deficiencies,1
remediation,1
additionally,1
update,1
flowcharts,1
evaluate,1
coso,1
pcaob,1
communicated,1
pmo,1
phase,1
iia,1
maintained,1
walkthroughs,1
validating,1
documenting,1
observations,1
clearance,1
cia,1
