team,2742
uber,2483
experience,2342
you,2017
will,1282
work,1280
product,1213
business,1186
data,1047
support,956
re,941
we,855
skill,842
people,837
marketing,826
partner,823
ll,790
operation,787
need,775
process,771
technology,735
management,705
manager,700
ability,682
world,671
the,658
opportunity,657
driver,627
new,625
system,614
customer,600
across,592
way,588
design,576
build,557
communication,555
year,552
help,529
what,515
high,487
city,486
environment,484
develop,482
building,481
engineering,475
strong,471
self,467
strategy,462
working,460
learning,460
drive,459
make,453
development,453
can,448
company,448
growth,443
user,441
ubereats,435
service,428
rider,426
global,423
project,422
scale,419
lead,418
restaurant,416
including,410
problem,409
role,405
sale,404
excellent,389
driving,387
engineer,382
ensure,370
program,369
around,367
time,365
platform,362
software,350
impact,349
community,349
manage,343
para,342
local,340
looking,337
degree,323
issue,319
this,316
get,311
technical,311
performance,311
tool,310
o,305
transportation,304
well,302
analysis,301
our,292
decision,290
u,289
market,289
best,287
brand,282
one,280
vehicle,276
part,272
understanding,272
fast,270
highly,270
strategic,270
motoristas,270
cross,269
initiative,269
provide,268
quality,263
campaign,263
research,259
level,259
move,259
driven,257
responsible,256
a,254
knowledge,254
parceiros,254
closely,251
complex,244
da,244
use,243
developing,243
plan,243
making,242
able,239
solution,238
change,237
minimum,237
passion,236
passionate,236
great,235
create,232
insight,231
internal,230
large,230
tax,230
day,228
regional,227
goal,227
do,226
deep,226
na,225
policy,222
key,221
organization,218
take,218
plus,218
security,217
multiple,216
creative,216
partnership,213
functional,212
analytical,212
delivery,212
improve,211
safety,211
growing,209
relationship,206
machine,206
preferred,206
planning,205
com,205
based,204
leadership,204
leader,203
social,203
at,203
moving,203
etc,202
stakeholder,202
science,201
changing,201
requirement,201
real,200
candidate,200
be,195
within,195
identify,195
app,194
detail,193
go,191
background,189
every,189
que,189
know,187
content,186
execute,186
region,186
set,186
law,185
thing,184
compliance,184
finance,184
related,183
model,181
think,180
test,179
deliver,179
operational,178
improvement,177
understand,175
result,175
reporting,174
effectively,173
required,172
right,171
execution,171
legal,171
group,170
solving,168
basis,168
status,167
success,167
analytics,167
track,167
managing,167
computer,166
feature,166
vision,164
just,164
expert,163
industry,163
bachelor,161
consumer,161
getting,161
advanced,160
using,160
employee,160
web,159
challenge,159
ve,159
metric,157
logistics,156
hardware,155
communicate,154
financial,153
keep,152
grow,151
senior,149
written,149
globally,149
paced,149
successful,147
practice,147
food,147
class,146
whether,146
others,146
critical,144
million,144
field,144
effective,144
application,143
member,143
variety,143
collaborate,141
also,141
testing,141
least,140
ou,140
demonstrated,139
implement,139
python,139
future,139
must,137
quantitative,137
hand,136
life,136
nossos,136
experiência,134
accounting,133
channel,133
quickly,132
mobile,132
relevant,131
exceptional,130
account,130
full,129
person,129
end,128
wide,126
matter,126
delivering,126
control,124
bringing,124
external,123
another,123
daily,123
leading,123
motivated,122
claim,122
creating,121
safer,120
co,120
apply,119
define,119
san,119
francisco,119
excited,118
oriented,118
core,118
report,118
like,118
efficiently,118
sql,118
love,118
atg,118
maintain,117
mission,117
comfortable,116
greenlight,116
organizational,114
action,114
designer,114
earn,114
cost,114
um,114
standard,113
always,113
fit,113
providing,113
information,113
focus,113
area,113
record,112
asset,112
top,112
efficiency,111
infrastructure,111
training,111
efficient,111
head,111
operate,110
atendimento,110
economy,109
professional,109
expertise,108
innovative,108
positive,108
plataforma,108
idea,107
effort,107
general,107
suporte,107
language,106
medium,106
good,106
in,106
country,106
function,105
helping,105
constantly,105
existing,104
risk,104
office,104
home,104
ser,104
various,103
familiarity,103
master,103
position,103
delivered,103
10,102
attention,102
line,102
center,102
learn,101
everyday,101
verbal,101
unique,101
extra,101
concept,100
and,100
engagement,100
join,99
optimization,99
hr,99
oportunidade,98
thinking,97
acquisition,97
analyst,96
se,96
benefit,95
believe,95
priority,95
income,95
scalable,94
scientist,94
rapidly,94
mapping,94
better,93
leverage,93
dedicated,93
value,93
email,93
amazing,92
review,92
network,92
physical,91
ground,91
ensuring,91
achieve,91
term,91
são,91
smarter,90
task,90
implementation,90
forward,90
executive,90
bring,89
never,89
meal,89
attitude,89
thrive,89
programming,88
mental,88
rare,88
something,88
resolve,88
connected,87
month,87
sexual,87
highest,87
proven,87
favorite,87
becoming,87
regulatory,87
worker,86
responsibility,86
fabric,86
point,86
excellence,85
question,85
big,85
heading,85
mindset,85
audit,85
equivalent,84
insurance,84
assist,84
seeking,83
different,83
energizing,83
base,83
national,82
credit,82
paid,82
built,82
optimize,82
transform,82
excel,81
writing,81
orientation,81
digital,81
marketplace,81
enjoy,81
guide,81
launch,81
meet,81
individual,81
problemas,81
ajudar,81
perk,80
analyze,80
focused,80
throughout,80
advocate,80
demand,80
collaboration,79
vendor,79
freight,79
crm,79
você,79
first,78
feedback,78
reinventing,78
tangible,78
ter,78
about,77
current,77
your,77
engaged,77
prior,77
international,77
superior,77
onboarding,76
finding,76
direction,76
approach,75
b,75
desire,74
it,74
proficiency,74
follow,74
given,74
job,74
long,74
experiment,74
for,73
tracking,73
payment,73
supply,72
ready,72
equal,72
disability,72
overall,72
shape,72
smart,72
travel,72
resource,72
startup,72
starter,72
uma,72
many,71
english,71
culture,71
employer,71
don,71
trend,71
even,71
dynamic,71
audience,71
everything,71
want,71
craft,71
gender,70
production,70
needed,70
por,70
enthusiastically,69
encourages,69
discriminate,69
race,69
religion,69
sex,69
pregnancy,69
origin,69
citizenship,69
age,69
veteran,69
marital,69
prohibited,69
important,69
response,69
integration,69
algorithm,69
everyone,68
dental,68
solid,68
portfolio,68
case,68
corporate,68
coordinate,68
functionally,67
specialist,67
innovate,67
phoenix,67
fun,66
hard,66
similar,66
if,66
modeling,66
done,66
player,66
continuous,66
adapt,66
contract,66
judgment,66
pittsburgh,66
monthly,65
come,65
experienced,65
direct,65
consulting,65
economics,65
challenging,65
color,64
activity,64
actionable,64
toward,64
willing,64
location,64
ride,63
toronto,63
compensation,63
code,62
package,62
method,62
an,62
roll,62
story,62
objective,62
india,62
number,62
não,62
order,61
event,61
previous,61
car,61
interaction,61
map,61
solve,61
designing,61
processing,61
supporting,61
safely,61
documentation,60
statistic,60
diverse,60
fraud,60
hire,60
component,59
compelling,59
directly,59
bar,59
pressure,59
multi,59
ownership,59
excelente,59
access,58
without,58
reimbursement,58
researcher,58
party,58
developer,58
guidance,58
find,58
include,58
framework,58
handling,58
meeting,58
document,58
trust,57
request,57
next,57
innovation,57
maintaining,57
space,57
engage,57
emea,57
contact,57
localization,57
structure,57
used,56
intelligence,56
presentation,56
give,56
potential,56
messaging,56
handle,56
em,56
voice,55
flexible,55
incident,55
procedure,55
running,55
resolution,55
representative,55
eles,55
pela,55
sua,55
deadline,54
prioritize,54
necessary,54
perform,54
investigation,54
enable,54
architecture,54
deal,54
stack,54
budget,54
apac,54
cliente,54
centros,54
presencial,54
ao,54
electrical,54
may,53
are,53
along,53
source,53
autonomy,53
together,53
establish,53
skilled,53
distributed,53
small,53
setting,53
bold,53
target,53
early,53
study,53
trabalhar,53
organized,52
gym,52
behavior,52
evaluate,52
cycle,52
sleeve,52
push,52
improving,52
act,52
balance,52
to,52
house,52
aprender,52
adaptar,52
sabe,52
subject,51
java,51
central,51
true,51
evolving,51
client,51
pipeline,51
eats,51
volume,51
tackle,50
appropriate,50
interest,50
sharp,50
finish,50
beyond,50
conduct,50
open,50
globe,50
android,49
towards,49
interpersonal,49
roadmap,49
tech,49
hiring,49
road,49
influence,49
airspace,49
inform,48
share,48
present,48
pushing,48
implementing,48
enterprise,48
keeping,48
performing,48
run,48
specific,48
extremely,48
recruiting,48
counsel,48
monitor,47
medical,47
holiday,47
m,47
willingness,47
lifecycle,47
exciting,47
measure,47
mentality,47
generation,47
anyone,47
contribute,46
backend,46
close,46
forecasting,46
effectiveness,46
integrity,46
floor,46
public,46
consistent,46
automotive,46
someone,46
situation,46
curiosity,46
reliable,45
deeply,45
technique,45
third,45
timely,45
kpis,45
automation,45
autonomous,45
ops,45
depth,45
serve,45
simulation,45
enthusiastic,45
é,45
trabalho,45
mais,45
estamos,45
possible,44
visualization,44
among,44
pricing,44
address,44
thousand,44
deployment,44
profile,44
nature,44
unlimited,43
phd,43
stage,43
qualification,43
away,43
ambiguity,43
database,43
face,43
oversee,43
mean,43
recommendation,43
ubereverything,43
director,43
continuously,43
clear,42
money,42
range,42
domain,42
operating,42
demonstrate,42
ba,42
investment,42
with,41
collaborative,41
automated,41
look,41
strengthen,41
happen,41
scaling,41
entrepreneurial,41
schedule,41
how,41
experimentation,41
401,40
vacation,40
hybrid,40
human,40
show,40
connect,40
board,40
fall,40
methodology,40
site,40
continue,40
mba,40
dashboard,40
sound,40
retail,40
oem,40
manner,39
discipline,39
competition,39
ad,39
teammate,39
empathy,39
state,39
who,39
ideal,39
executing,39
several,39
have,39
facility,39
mechanical,39
mentor,38
taking,38
care,38
available,38
message,38
carrier,38
ideally,38
latam,38
capability,38
stay,38
optimizing,38
chain,38
often,38
funnel,38
presence,38
hub,38
revenue,38
offline,38
hq,37
requires,37
expectation,37
principle,37
own,37
sure,37
motivate,37
extraordinary,37
facing,36
reliability,36
swift,36
robust,36
phone,36
elevate,36
become,36
insightful,36
litigation,36
facilitate,36
tone,36
easy,36
limited,36
banking,36
pessoas,36
sexo,36
estado,36
currently,35
kind,35
interface,35
provides,35
play,35
notch,35
collaborating,35
independently,35
no,35
distribution,35
start,34
productivity,34
answer,34
outside,34
talented,34
apps,34
qualitative,34
enthusiasm,34
undergraduate,34
interact,34
firm,34
essential,34
sr,34
includes,34
addition,34
integrate,34
dive,34
calm,34
america,34
turn,34
clearly,34
maintenance,34
back,34
shift,34
hustle,34
prepare,34
produce,33
upon,33
obsessed,33
motion,33
clarity,33
flexibility,33
type,33
simple,33
staff,33
speed,33
feel,33
agency,33
escalation,33
fluency,33
identifying,33
fleet,33
rigorous,33
view,33
gm,33
integrated,33
place,32
style,32
prototype,32
side,32
statistical,32
call,32
narrative,32
stellar,32
outstanding,32
manages,32
habilidade,32
vendas,32
internship,31
step,31
participate,31
write,31
online,31
generate,31
personality,31
word,31
today,31
interested,31
expected,31
whole,31
monitoring,31
require,31
eater,31
example,31
promotion,31
talent,31
established,31
cpa,31
manufacturing,31
bpo,31
territory,30
flow,30
release,30
eye,30
front,30
hesitate,30
magic,30
major,30
input,30
partnering,30
continually,30
impactful,30
asking,30
incredibly,30
curious,30
regulation,30
exceed,30
increase,29
hour,29
strongly,29
google,29
proper,29
put,29
post,29
power,29
prototyping,29
demonstrable,29
collaborator,29
grittiness,29
persevere,29
nine,29
enforcement,29
owner,29
progress,29
accurate,29
see,29
sensor,29
match,29
savvy,29
communicator,29
employment,29
entire,28
alike,28
creativity,28
enhance,28
advertising,28
eager,28
copy,28
ux,28
much,28
investigate,28
oversight,28
active,28
balancing,28
administration,28
career,28
sharing,28
read,28
positioning,28
update,28
solver,28
explaining,28
north,28
agente,28
temos,28
muito,28
orgulho,28
agentes,28
escolhidos,28
dedo,28
mentalidade,28
voltada,28
vontade,28
resolver,28
comunicação,28
shipped,28
chance,27
easily,27
concern,27
whip,27
biased,27
strategist,27
networking,27
linux,27
aspect,27
edge,27
size,27
applied,27
preferably,27
posse,27
extensive,27
doesn,27
associate,27
energy,27
applying,27
validate,27
owning,27
these,27
spend,27
perfect,27
retention,27
org,27
thought,27
supplier,27
menu,27
agreement,27
incentive,27
nessa,27
posição,27
esperado,27
saiba,27
comunicar,27
geração,27
renda,27
através,27
interessados,27
além,27
promover,27
descrição,27
clientes,27
importantes,27
criando,27
melhor,27
es,27
buscam,27
novos,27
dirigir,27
primeira,27
vez,27
criar,27
engajamento,27
longo,27
tempo,27
propiciar,27
torne,27
orgulhosos,27
parceria,27
precisa,27
estrelas,27
auxiliar,27
processo,27
cadastro,27
entendimento,27
toda,27
ferramentas,27
motorista,27
possa,27
precisar,27
usar,27
resolução,27
quaisquer,27
divulgação,27
marca,27
potenciais,27
vendendo,27
possam,27
colocar,27
pé,27
estrada,27
ficar,27
par,27
políticas,27
procedimentos,27
programas,27
relacionados,27
aos,27
operações,27
melhorar,27
processos,27
padrão,27
assistir,27
eventos,27
promoções,27
quando,27
necessário,27
forefront,27
rep,27
statutory,27
bonus,26
assigned,26
pioneering,26
street,26
detection,26
copywriter,26
inspire,26
oral,26
analyzing,26
cutting,26
agile,26
natural,26
pride,26
outcome,26
reading,26
maximize,26
prioritization,26
truth,26
proud,26
mathematics,26
weekend,26
measurement,26
shipping,26
robotics,26
knowledgeable,26
varejo,26
gostar,26
nova,26
tecnologias,26
comunicador,26
interagir,26
individualmente,26
grupo,26
diversos,26
tipos,26
personalidades,26
estar,26
disposto,26
entusiasmado,26
consultor,26
paciente,26
paixão,26
empoderar,26
outros,26
rápido,26
eficiente,26
solução,26
resposta,26
quem,26
onde,26
procurar,26
automotivado,26
capaz,26
independentemente,26
prazer,26
rapidamente,26
mudanças,26
ensino,26
completo,26
cursando,26
inglês,26
intermediário,26
será,26
considerado,26
diferencial,26
plano,26
saúde,26
seguro,26
vida,26
irá,26
fazer,26
roi,26
mind,25
faster,25
seamless,25
javascript,25
ten,25
coding,25
emerging,25
might,25
shipper,25
woman,25
men,25
represents,25
generalist,25
contribution,25
add,25
accessible,25
communicating,25
sensitive,25
try,25
via,25
massive,25
thinker,25
obstacle,25
perspective,25
proactive,25
ever,25
establishing,25
broad,25
pr,25
competitive,25
brazil,25
touch,25
coaching,25
scenario,25
difficult,25
foundation,25
organisation,25
train,25
special,25
transaction,25
benefícios,25
vietnam,25
agent,25
coe,25
meaningful,24
singapore,24
actively,24
ship,24
segmentation,24
visual,24
incredible,24
centric,24
desktop,24
disambiguator,24
simplifier,24
finger,24
obsession,24
advise,24
tier,24
safe,24
satisfied,24
comfort,24
align,24
definition,24
lot,24
traffic,24
device,24
adoption,24
courier,24
colleague,24
ecosystem,24
inside,24
amsterdam,24
scratch,24
made,24
v,24
perception,24
privacy,23
here,23
thoughtful,23
gain,23
gap,23
mix,23
practical,23
single,23
form,23
following,23
personal,23
proactively,23
department,23
now,23
involved,23
gaap,23
winning,23
material,23
creation,23
store,23
tough,23
truck,23
either,23
talk,23
quick,23
broader,23
last,23
coes,23
behalf,23
overcome,23
executed,23
anything,23
awesome,22
university,22
io,22
learner,22
traditional,22
scripting,22
fastest,22
internally,22
seamlessly,22
tight,22
translate,22
list,22
server,22
landscape,22
significant,22
ca,22
intellectual,22
leveraging,22
champion,22
loyalty,22
defining,22
embrace,22
heart,22
sourcing,22
premier,22
tableau,22
inquiry,22
negotiation,22
return,22
invest,22
dream,22
excelentes,22
habilidades,22
advisor,22
entity,22
provision,22
answering,22
oracle,22
coach,21
milestone,21
search,21
alongside,21
utilizing,21
embedded,21
live,21
newest,21
commercial,21
rapid,21
fundamental,21
hadoop,21
health,21
two,21
desired,21
strategically,21
weekly,21
uk,21
offer,21
government,21
truly,21
fingerprint,21
combination,21
crafting,21
marketer,21
primary,21
successfully,21
initiate,21
accuracy,21
accelerate,21
especially,21
15,21
productive,21
short,21
fluent,21
wait,21
evangelist,21
pilot,21
advice,21
indirect,21
establishes,21
intern,20
from,20
date,20
cloud,20
non,20
spark,20
collecting,20
pattern,20
metal,20
paralysis,20
behind,20
connecting,20
tasked,20
private,20
responding,20
common,20
strive,20
deploy,20
quarterly,20
detailed,20
consider,20
tooling,20
alignment,20
le,20
awareness,20
continual,20
worldwide,20
pace,20
accomplished,20
iterate,20
trip,20
complete,20
fp,20
mentoring,20
per,20
seek,20
presenting,20
trusted,20
40,20
engaging,20
strength,20
rewarding,20
utilize,20
predictive,20
validation,20
prediction,20
why,20
2018,19
100,19
fully,19
focusing,19
but,19
ass,19
cause,19
represent,19
collaboratively,19
salesforce,19
canada,19
playbook,19
larger,19
roadmaps,19
timeline,19
preparation,19
continues,19
b2b,19
ahead,19
sense,19
east,19
bottom,19
star,19
asia,19
booking,19
launching,19
creatively,19
everywhere,19
smartest,19
expand,19
spread,19
relation,19
independent,19
mexico,19
targeting,19
hoc,19
aprendizado,19
crescimento,19
carreira,19
draw,19
known,19
multitask,19
proficient,19
forecast,19
celebrate,19
unstoppable,19
peer,18
guideline,18
math,18
hyper,18
secure,18
library,18
node,18
deliverable,18
interpret,18
stuff,18
latest,18
recent,18
modern,18
series,18
mus,18
fuss,18
stuck,18
getter,18
settle,18
navigate,18
boundary,18
assessment,18
remote,18
still,18
greater,18
searching,18
contributor,18
wherever,18
choice,18
informed,18
lert,18
foster,18
spanish,18
expanding,18
reality,18
connection,18
transition,18
inspiring,18
succeed,18
already,18
starting,18
lease,18
integrating,18
stop,18
applicable,18
onboard,18
they,18
equally,18
spoken,18
paralegal,18
negotiate,18
strike,18
spot,18
particular,18
economic,18
rara,18
mudar,18
maneira,18
como,18
mundo,18
somos,18
apenas,18
aplicativo,18
movendo,18
reais,18
ativos,18
reinventando,18
transporte,18
logística,18
globalmente,18
colegas,18
inteligentes,18
engajados,18
empregador,18
igualdade,18
oportunidades,18
incentiva,18
entusiasticamente,18
ampla,18
variedade,18
origen,18
experiências,18
aplicar,18
discrimina,18
raça,18
cor,18
religião,18
incluindo,18
gravidez,18
origem,18
nacional,18
cidadania,18
idade,18
deficiência,18
física,18
veterano,18
civil,18
orientação,18
qualquer,18
outra,18
proibida,18
lei,18
isn,18
second,18
11,17
fearlessness,17
fantastic,17
000,17
school,17
box,17
abstraction,17
combined,17
additional,17
dealing,17
thorough,17
internet,17
visibility,17
ongoing,17
root,17
triage,17
condition,17
expansion,17
lean,17
addressing,17
bias,17
history,17
past,17
ending,17
storyteller,17
intelligent,17
preference,17
accessibility,17
supported,17
eloquent,17
met,17
calendar,17
regularly,17
increasing,17
demanding,17
custom,17
automate,17
supervised,17
controlled,17
scalability,16
j,16
authentication,16
consistently,16
regular,16
elegant,16
delightful,16
graduate,16
cs,16
judgement,16
targeted,16
protocol,16
certification,16
rule,16
api,16
assurance,16
defined,16
achieving,16
recommend,16
builder,16
contractor,16
optimistic,16
so,16
game,16
consistency,16
rest,16
prospect,16
instinct,16
dispatch,16
scope,16
complicated,16
art,16
coordinating,16
beautiful,16
coordinator,16
video,16
influencing,16
gls,16
gl,16
commitment,16
helpful,16
hong,16
kong,16
optimisation,16
streamline,16
superb,16
troubleshoot,16
equity,16
hive,16
week,16
promotional,16
affinity,16
sophisticated,16
ai,16
photographer,16
technician,16
suite,15
encourage,15
react,15
far,15
teach,15
tippiness,15
break,15
teaching,15
mitigate,15
yet,15
associated,15
familiar,15
coverage,15
verification,15
hundred,15
apis,15
deck,15
minute,15
middle,15
academic,15
adaptable,15
comprehensive,15
hierarchy,15
pm,15
going,15
onto,15
contributing,15
70,15
importance,15
datasets,15
when,15
routing,15
print,15
determine,15
seasoned,15
mechanism,15
reach,15
led,15
france,15
chat,15
headquarters,15
lab,15
egypt,15
branding,15
spreadsheet,15
bayesian,15
card,15
visible,14
worked,14
education,14
blog,14
measuring,14
piece,14
effect,14
ease,14
conducting,14
html,14
developed,14
threat,14
hold,14
abuse,14
attribution,14
basic,14
http,14
brain,14
explore,14
workflow,14
fault,14
correct,14
advance,14
speaking,14
apacx,14
promptly,14
erp,14
confidence,14
empathetic,14
measured,14
net,14
storytelling,14
delivers,14
cultivate,14
usage,14
pursue,14
initial,14
sm,14
started,14
juggle,14
passionately,14
scheduling,14
toughest,14
weakness,14
documenting,14
emotional,14
logistical,14
draft,14
zone,14
dish,14
sustainable,14
eating,14
affiliate,14
intuitive,14
sync,14
speedy,14
certain,14
got,14
sena,14
outsourcing,14
heavy,14
unstructured,14
compute,14
cargo,14
debug,14
fixture,14
integral,13
ask,13
receive,13
completion,13
pre,13
low,13
command,13
dirty,13
difference,13
regarding,13
reduce,13
being,13
protect,13
impacting,13
configuration,13
layer,13
rely,13
promote,13
measurable,13
through,13
bolster,13
some,13
teamwork,13
consultant,13
provider,13
little,13
buy,13
that,13
shared,13
envision,13
conversion,13
likely,13
essence,13
format,13
tell,13
empowering,13
span,13
unit,13
aren,13
afraid,13
distill,13
evolution,13
storage,13
six,13
reviewing,13
escalate,13
topic,13
varying,13
administrative,13
interactive,13
supervisor,13
doorstep,13
interesting,13
spanning,13
ph,13
spirit,13
scene,13
photo,13
nuanced,13
resilient,13
translating,13
novel,13
antitrust,13
import,13
export,13
managerial,13
comprehension,13
boarding,13
systematic,13
odm,13
authorization,12
lunch,12
pursuing,12
fuel,12
bridge,12
qualified,12
hopefully,12
opinion,12
intuition,12
resourceful,12
fix,12
prioritizing,12
kafka,12
learned,12
refining,12
capture,12
capacity,12
reaching,12
intimate,12
sum,12
mitigation,12
accountable,12
alternative,12
comms,12
picture,12
enough,12
articulate,12
24,12
ridesharing,12
affair,12
london,12
walk,12
satisfaction,12
evolve,12
powered,12
centered,12
multivariate,12
proposition,12
output,12
segment,12
evening,12
magical,12
selling,12
cohesive,12
authority,12
incorporate,12
extract,12
us,12
intersection,12
aviation,12
deployed,12
explain,12
translation,12
workday,12
implemented,12
obsessive,12
respond,12
dig,12
locally,12
curriculum,12
equipment,12
assistant,12
air,12
hotel,12
centre,12
mumbai,12
connects,12
charge,12
seize,12
reasonable,12
mid,12
regard,12
seo,12
on,12
analyse,12
readiness,12
sme,12
optimism,12
claimant,12
investigative,12
counseling,12
accountant,12
sox,12
estimation,12
effortless,12
schematic,12
summer,11
sheet,11
aim,11
organize,11
marked,11
doing,11
limit,11
facebook,11
brought,11
by,11
specifically,11
figuring,11
en,11
disrupting,11
array,11
affect,11
candid,11
empower,11
check,11
emphasis,11
immediate,11
once,11
consult,11
instrument,11
dependency,11
minimal,11
aware,11
payable,11
quo,11
course,11
joint,11
additionally,11
articulating,11
committed,11
combine,11
matching,11
uberpool,11
relentlessly,11
rolling,11
relies,11
internationalization,11
collect,11
propose,11
context,11
loop,11
speak,11
survey,11
sub,11
item,11
york,11
naturally,11
instructional,11
theory,11
workforce,11
ethic,11
coordination,11
interview,11
belief,11
activation,11
wanted,11
alliance,11
involves,11
optimal,11
raise,11
reference,11
portuguese,11
ambiguous,11
cara,11
understood,11
gather,11
serving,11
path,11
display,11
allocation,11
regression,11
exceeding,11
inspired,11
liability,11
domestic,11
governance,11
modality,11
cast,11
digestible,11
stress,11
typing,11
statement,11
consolidation,11
empowered,11
nonlinear,11
14,10
sample,10
layout,10
uncharted,10
pumped,10
provided,10
conversation,10
versed,10
valuable,10
exposure,10
psychology,10
confident,10
window,10
mature,10
evaluation,10
rate,10
acumen,10
mentorship,10
duty,10
allow,10
appropriately,10
zendesk,10
discussion,10
ambitious,10
annual,10
filing,10
college,10
press,10
lasting,10
africa,10
externally,10
five,10
inspiration,10
found,10
offering,10
derive,10
hacking,10
airport,10
exists,10
taste,10
avoid,10
requesting,10
engine,10
structured,10
near,10
consultation,10
internationally,10
synthesize,10
thus,10
billion,10
fearless,10
crew,10
grinding,10
primarily,10
accountability,10
assignment,10
logic,10
trade,10
constraint,10
welcome,10
french,10
send,10
failure,10
constant,10
newly,10
identification,10
name,10
curated,10
cashless,10
tap,10
transport,10
tomorrow,10
advantage,10
drafting,10
educational,10
movement,10
availability,10
supervision,10
inference,10
quantify,10
drawing,10
editorial,10
tie,10
shown,10
13,10
japan,10
deploying,10
geography,10
collection,10
estate,10
procurement,10
complexity,10
csrs,10
tending,10
northam,10
translates,10
aid,10
25,10
reconciliation,10
agility,10
navigating,10
cash,10
ml,10
drone,10
matlab,10
photoshoots,10
mentally,10
steadily,10
isolating,10
lidar,10
uatg,10
session,9
properly,9
stem,9
craftsmanship,9
all,9
consideration,9
unknown,9
launched,9
copywriting,9
prevent,9
breaking,9
total,9
capable,9
link,9
extreme,9
competency,9
phase,9
identity,9
secret,9
proof,9
chop,9
tolerant,9
released,9
property,9
slas,9
disruptive,9
roadblock,9
jira,9
extension,9
competing,9
resolved,9
comm,9
principled,9
sign,9
ap,9
file,9
town,9
arabic,9
maximum,9
rental,9
tippinesses,9
missile,9
exacttarget,9
scary,9
counterpart,9
creates,9
delight,9
shouldn,9
concrete,9
spectrum,9
calculation,9
operates,9
amount,9
accomplish,9
round,9
adept,9
slightly,9
utility,9
liaising,9
jd,9
tweak,9
adult,9
progressive,9
graphic,9
auditing,9
imperative,9
setup,9
genuine,9
prepared,9
exec,9
performer,9
favourite,9
foremost,9
commops,9
costa,9
rica,9
rather,9
bi,9
leasing,9
consolidate,9
fact,9
structuring,9
choose,9
chef,9
classification,9
experimental,9
btl,9
korea,9
fight,9
script,9
federal,9
obligation,9
invent,9
occasional,9
assistance,9
diligence,9
due,9
actuals,9
adaptive,9
skillsets,9
educating,9
unhappy,9
frustrated,9
unsatisfactory,9
adopter,9
therefore,9
registration,9
specification,9
ledger,9
corrective,9
scare,9
nyc,9
frontend,9
semi,9
tensorflow,9
renowned,9
weathered,9
shining,9
3d,9
signed,9
newer,9
bulletproof,9
agrees,9
onboarded,9
curating,9
photograph,9
upload,9
valued,9
visiting,9
assembly,9
submission,8
hit,8
sponsorship,8
exchange,8
rich,8
please,8
sacrificing,8
identified,8
addressed,8
listening,8
giant,8
ui,8
after,8
fascinating,8
hypothesis,8
anomaly,8
navigation,8
opening,8
investigator,8
concise,8
inherent,8
ip,8
tcp,8
while,8
grasp,8
kpi,8
tactic,8
tolerance,8
flourish,8
consumed,8
educate,8
evidence,8
latin,8
involve,8
constructive,8
interacting,8
doc,8
provisioning,8
ciso,8
hesitation,8
persuasive,8
brings,8
termination,8
factor,8
ar,8
wire,8
maker,8
europe,8
option,8
unbelievably,8
centricity,8
bangalore,8
gps,8
auto,8
hardest,8
500,8
grade,8
water,8
knowing,8
pickup,8
largest,8
whatever,8
palo,8
alto,8
designed,8
generating,8
elite,8
allows,8
summit,8
paradigm,8
resourcefulness,8
scaled,8
putting,8
charismatic,8
attending,8
degreed,8
ultimately,8
purchasing,8
advising,8
recruitment,8
manila,8
visually,8
western,8
legislation,8
benchmarking,8
accomplishment,8
budgeting,8
inspection,8
timing,8
expense,8
subregional,8
win,8
thrives,8
frequent,8
peru,8
cairo,8
dna,8
visionary,8
politics,8
motivation,8
oversees,8
smoothly,8
generally,8
looker,8
foot,8
then,8
impressive,8
huge,8
diving,8
dc,8
german,8
twitter,8
paramount,8
ranking,8
mining,8
switch,8
reinforcement,8
respect,8
mandatory,8
ambition,8
refine,8
proposed,8
credential,8
accident,8
outsourced,8
those,8
csr,8
trustworthy,8
absorb,8
hospitality,8
micro,8
sec,8
paying,8
r12,8
adjustment,8
tackling,8
debugging,8
toolset,8
github,8
devops,8
www,8
sensing,8
initially,8
probabilistic,8
exploratory,8
precision,8
uas,8
microinteractions,8
afoul,8
multiplier,8
opt,8
camera,8
circuit,8
runtimes,8
systematically,8
revolutionize,7
possibility,7
op,7
submit,7
physic,7
of,7
earned,7
slide,7
reviewed,7
greatest,7
walking,7
encyclopedia,7
entrepreneur,7
let,7
vast,7
really,7
adobe,7
since,7
fostering,7
puzzle,7
bad,7
depending,7
intrusion,7
anti,7
affecting,7
hunt,7
conceptual,7
outlier,7
redis,7
internals,7
defense,7
responsive,7
purpose,7
not,7
eagerness,7
versatility,7
reducing,7
sustain,7
personnel,7
directed,7
ultimate,7
enables,7
computation,7
aptitude,7
native,7
innovating,7
remove,7
conference,7
invoice,7
reconcile,7
plenty,7
ireland,7
there,7
consultancy,7
representing,7
knack,7
raw,7
quantity,7
refusal,7
unwilling,7
price,7
steer,7
sending,7
welcoming,7
devise,7
uberrush,7
biggest,7
retain,7
lifetime,7
pitch,7
fare,7
moment,7
continent,7
li,7
trajectory,7
southeast,7
simplify,7
enabling,7
stream,7
higher,7
iterating,7
object,7
mile,7
operator,7
bug,7
nice,7
outbound,7
enhancing,7
hear,7
uphold,7
bit,7
los,7
angeles,7
overwhelmed,7
compulsive,7
recruiter,7
showered,7
free,7
crucial,7
nothing,7
expect,7
norm,7
increasingly,7
conflict,7
south,7
emergency,7
criterion,7
simultaneously,7
admin,7
note,7
unafraid,7
aimed,7
profitability,7
whilst,7
personalised,7
predict,7
division,7
particularly,7
sit,7
fear,7
headcount,7
architecting,7
prospecting,7
aligned,7
pulse,7
personable,7
attendance,7
accordance,7
collision,7
notification,7
numerous,7
modelling,7
aspire,7
habit,7
aprendiza,7
summary,7
organizing,7
image,7
faceted,7
footprint,7
nuance,7
sell,7
midwest,7
loved,7
persuasion,7
photography,7
gurgaon,7
relative,7
tradeoff,7
16,7
facet,7
abreast,7
panda,7
velocity,7
exactly,7
simplicity,7
transactional,7
attorney,7
protection,7
regulator,7
pacific,7
substantial,7
adherence,7
personally,7
advocacy,7
sigma,7
greenlights,7
revolutionizing,7
listen,7
ues,7
operationalize,7
dedication,7
vat,7
gst,7
p2p,7
functionality,7
controller,7
original,7
dispatching,7
eta,7
tm1,7
load,7
random,7
forest,7
thermal,7
intensive,7
signal,7
abstract,7
mobilize,7
doer,7
motivator,7
batch,7
mapreduce,7
pig,7
usability,7
weapon,7
prototyped,7
geek,7
diner,7
radar,7
diagnose,7
pose,7
january,6
microsoft,6
page,6
grad,6
relied,6
redux,6
dinner,6
snack,6
remaining,6
surface,6
interpreting,6
owned,6
utilization,6
demonstrates,6
mobility,6
celebrating,6
scala,6
happy,6
completed,6
cartography,6
crisp,6
vulnerability,6
manual,6
intermediate,6
unix,6
reduction,6
importantly,6
streaming,6
aws,6
hardening,6
facilitating,6
junior,6
poc,6
strict,6
supportive,6
seattle,6
aligning,6
streamlining,6
aggressive,6
ethical,6
auditor,6
transforming,6
alerting,6
patient,6
plug,6
button,6
internalize,6
block,6
commensurate,6
corner,6
prowess,6
tailored,6
absolutely,6
honed,6
stubborn,6
vertical,6
3rd,6
very,6
acquire,6
flagship,6
intelligently,6
journey,6
barrier,6
each,6
boldly,6
localize,6
evangelize,6
augment,6
leveraged,6
exploration,6
personalized,6
virtual,6
reason,6
website,6
liaise,6
bullet,6
activate,6
recruit,6
calculated,6
studio,6
folk,6
nationwide,6
uberlove,6
both,6
showcase,6
pai,6
ambassador,6
tenacity,6
population,6
acting,6
night,6
busy,6
gdpr,6
occupant,6
anticipate,6
administrator,6
maintains,6
agenda,6
resolving,6
gift,6
ex,6
tokyo,6
score,6
optimising,6
salary,6
colour,6
inventory,6
np,6
flight,6
bent,6
experimenting,6
according,6
actual,6
mass,6
geographically,6
logical,6
accordingly,6
esp,6
vital,6
paulo,6
european,6
investor,6
ltv,6
influencer,6
organic,6
mixpanel,6
contractual,6
curate,6
ensures,6
grammar,6
asked,6
17,6
taiwan,6
brief,6
reflects,6
beginning,6
optimized,6
body,6
relational,6
laser,6
intercompany,6
foreign,6
lawyer,6
element,6
negotiating,6
jurisdiction,6
multinational,6
staffing,6
settling,6
module,6
australia,6
zealand,6
authoring,6
cool,6
totaling,6
attentive,6
entry,6
fintech,6
taxation,6
uniquely,6
jet,6
pay,6
finops,6
conclusion,6
etl,6
observation,6
umetal,6
yield,6
kernel,6
individually,6
computing,6
observing,6
stretch,6
computationally,6
crowdsourcing,6
crowdflower,6
mturk,6
compromised,6
harness,6
final,5
encouraged,5
cohort,5
highlight,5
writer,5
considered,5
harder,5
enforce,5
prioritized,5
cryptography,5
saving,5
talking,5
text,5
sentiment,5
inbound,5
fidelity,5
stand,5
uncover,5
discover,5
spam,5
dimensionality,5
clustering,5
cassandra,5
bash,5
directory,5
sampling,5
conflicting,5
architectural,5
influential,5
popular,5
efficacy,5
follows,5
preferable,5
estimate,5
upper,5
meetups,5
title,5
guiding,5
safest,5
forge,5
embed,5
pragmatic,5
er,5
asks,5
jam,5
passenger,5
mechanic,5
rapport,5
main,5
editor,5
backwards,5
prospective,5
highlighting,5
lever,5
seeker,5
mutually,5
adapting,5
pro,5
becomes,5
shaping,5
unlock,5
understands,5
innovator,5
reward,5
profitable,5
trucking,5
conception,5
intense,5
50,5
upfront,5
continued,5
formulate,5
nosql,5
localized,5
linguistic,5
refined,5
gathering,5
rooted,5
scrappy,5
said,5
sustainability,5
sourcer,5
cut,5
400,5
stressful,5
comp,5
adaptability,5
remediation,5
spatial,5
query,5
letter,5
tactical,5
fair,5
elearning,5
succession,5
andean,5
visitor,5
communicated,5
managed,5
200,5
arise,5
glue,5
adding,5
editing,5
correspondence,5
completeness,5
attend,5
morale,5
underlying,5
persuasively,5
shop,5
cultivating,5
literate,5
dispute,5
professionally,5
helped,5
rock,5
shy,5
hyderabad,5
vienna,5
sought,5
extending,5
tinkering,5
instill,5
strengthening,5
potentially,5
workshop,5
visit,5
carry,5
cheaper,5
chicago,5
maintained,5
loss,5
upstream,5
mega,5
say,5
introducing,5
rio,5
exploring,5
lifeblood,5
calling,5
mainly,5
maximizing,5
bid,5
landing,5
evaluating,5
upcoming,5
enjoys,5
specialized,5
assumption,5
fluently,5
he,5
stunt,5
holistic,5
projection,5
iteration,5
russia,5
behaviour,5
mathematical,5
migration,5
keen,5
optimise,5
referral,5
20,5
thailand,5
united,5
transparency,5
attract,5
memorable,5
aesthetic,5
polish,5
meticulous,5
workload,5
humor,5
certificate,5
figure,5
positioned,5
treasury,5
programme,5
relating,5
invoicing,5
lower,5
participant,5
caliber,5
brilliant,5
enhancement,5
calibration,5
interacts,5
arising,5
defect,5
amenable,5
experiencing,5
covering,5
develops,5
pcard,5
stat,5
pcaob,5
loving,5
cfa,5
book,5
constructing,5
devoted,5
answered,5
yes,5
docker,5
rpc,5
golang,5
aggressively,5
puppet,5
angular,5
semantic,5
cpu,5
computational,5
urban,5
caffe,5
causal,5
guided,5
aforementioned,5
parallel,5
linear,5
firmware,5
necessarily,5
releasing,5
tom,5
prevot,5
nasa,5
faa,5
connecticut,5
force,5
taipei,5
tested,5
pinpoint,5
electromechanical,5
logistic,5
svms,5
slam,5
applicant,4
enrolled,4
sector,4
resume,4
cell,4
breakfast,4
drink,4
publication,4
composed,4
uncovering,4
above,4
contacted,4
living,4
demonstrating,4
versatile,4
illustrator,4
honesty,4
investigating,4
piecing,4
obscure,4
clue,4
hunting,4
guy,4
respectfully,4
forensic,4
elk,4
actor,4
dns,4
log,4
endpoint,4
mysql,4
pick,4
detect,4
powershell,4
frame,4
host,4
bottleneck,4
elasticsearch,4
mastery,4
template,4
arm,4
receives,4
professionalism,4
rotational,4
sometimes,4
adviser,4
momentum,4
chief,4
advancing,4
badging,4
desk,4
receivable,4
collected,4
smartphone,4
parking,4
partly,4
reform,4
dubai,4
depends,4
happiness,4
useful,4
turning,4
telematics,4
widely,4
fine,4
uncanny,4
pmm,4
b2c,4
automating,4
digging,4
eliminate,4
inspires,4
three,4
fundamentally,4
phenomenal,4
mvp,4
completely,4
dropoff,4
coming,4
entirely,4
feed,4
geospatial,4
retrieval,4
spearhead,4
solicit,4
instead,4
avmaps,4
zero,4
published,4
carefully,4
chosen,4
indonesian,4
section,4
radical,4
discovery,4
stalling,4
tick,4
bigger,4
fewer,4
respectful,4
warm,4
vilnius,4
competitor,4
clearinghouse,4
workplace,4
consensus,4
historical,4
lieu,4
jack,4
hired,4
escalated,4
indonesia,4
trainer,4
30,4
campus,4
technically,4
digest,4
eng,4
stata,4
cover,4
analytically,4
vr,4
updated,4
pivot,4
enriching,4
hrbp,4
sized,4
preventive,4
environmental,4
conjunction,4
seating,4
autonomously,4
gatekeeping,4
compile,4
directive,4
reservation,4
held,4
room,4
however,4
overseeing,4
poised,4
japanese,4
complaint,4
varied,4
overcoming,4
individuality,4
needle,4
apple,4
joining,4
wage,4
gross,4
collective,4
fill,4
temperature,4
panama,4
black,4
ridership,4
honey,4
badger,4
influencers,4
cultural,4
colombia,4
dictate,4
proving,4
chile,4
researching,4
anticipating,4
normal,4
soul,4
midst,4
paris,4
quota,4
invaluable,4
germany,4
saudi,4
arabia,4
xchange,4
repair,4
lisbon,4
proprietary,4
desirable,4
appreciate,4
explorer,4
am,4
cold,4
located,4
california,4
exclusive,4
respective,4
circulate,4
fuse,4
bank,4
venue,4
28,4
ordering,4
cpc,4
cpm,4
table,4
learns,4
losing,4
sight,4
improved,4
implication,4
60,4
playbooking,4
pave,4
flair,4
outreach,4
informing,4
concerning,4
commerce,4
ranging,4
downloaded,4
downloads,4
hunger,4
calibrated,4
analytic,4
marketo,4
prevention,4
resonance,4
effortlessly,4
mail,4
attribute,4
reputation,4
backbone,4
touchpoint,4
despite,4
healthy,4
prioritise,4
compromising,4
convey,4
saharan,4
ssa,4
presto,4
disciplinary,4
camaraderie,4
uncertainty,4
headline,4
prove,4
defend,4
emotion,4
sincerely,4
stick,4
communicates,4
bucket,4
lover,4
closing,4
needing,4
proposal,4
nurture,4
outgoing,4
earth,4
insurer,4
version,4
reliant,4
transfer,4
signing,4
legislative,4
proceeding,4
bpos,4
kaizen,4
empting,4
classroom,4
attentively,4
consists,4
instruct,4
melbourne,4
synergistic,4
troubleshooting,4
description,4
frequently,4
chartered,4
brokerage,4
underwriting,4
procure,4
journal,4
recognition,4
cia,4
adaptation,4
oh,4
mention,4
flux,4
surfacing,4
continuing,4
updating,4
warehousing,4
capital,4
ruby,4
rack,4
electronics,4
comprised,4
distance,4
instruction,4
pool,4
industrial,4
minded,4
dramatically,4
redefining,4
dozen,4
decade,4
artificial,4
latency,4
gpu,4
torch,4
describe,4
catalyze,4
statistically,4
untapped,4
neural,4
nourish,4
throughput,4
hdfs,4
sw,4
configmgr,4
packaging,4
exposed,4
oems,4
taxi,4
concisely,4
photoshoot,4
hartford,4
distant,4
boldness,4
typography,4
candor,4
closure,4
yr,4
triaging,4
labview,4
bus,4
cad,4
catia,4
specialize,4
geometric,4
filtering,4
inertial,4
practitioner,4
capitalized,4
iso,4
cyber,4
voltage,4
cable,4
2d,4
cluster,4
encountered,4
immerse,3
visa,3
manipulate,3
timeframe,3
discount,3
univintern,3
left,3
news,3
rollout,3
powerpoint,3
representation,3
breathe,3
during,3
leave,3
whiz,3
trucker,3
cognitive,3
anthropology,3
unquenchable,3
gi,3
systemically,3
codebase,3
masse,3
compromise,3
detecting,3
malware,3
thoroughly,3
splunk,3
sumologic,3
perl,3
adversarial,3
laundering,3
collusion,3
concomitant,3
i2,3
anb,3
ibase,3
maltego,3
palantir,3
bgp,3
cce,3
cfce,3
ence,3
cbe,3
casual,3
eg,3
most,3
caching,3
procedural,3
documented,3
smooth,3
modification,3
prescribed,3
under,3
standardization,3
challenged,3
fraudulent,3
careful,3
stepping,3
unified,3
extended,3
cadence,3
assessing,3
scrum,3
orgs,3
striving,3
rgms,3
periodic,3
xli,3
accurately,3
preparing,3
heavily,3
longer,3
politician,3
intuitively,3
involving,3
license,3
disparate,3
thread,3
crisis,3
ingest,3
thereby,3
attractive,3
vary,3
financing,3
tuning,3
determining,3
super,3
convert,3
charged,3
envisioning,3
boost,3
purview,3
hacker,3
pivotal,3
combining,3
tune,3
wrestle,3
viable,3
filling,3
amongst,3
antiquated,3
simplification,3
exponential,3
fresh,3
ideation,3
financials,3
incorporating,3
secondary,3
aircraft,3
feasibility,3
mode,3
intel,3
demonstrably,3
breed,3
tip,3
congested,3
lane,3
light,3
because,3
producing,3
explosive,3
hope,3
scoping,3
regardless,3
lqas,3
flag,3
abroad,3
friendly,3
memory,3
helvetica,3
font,3
breadth,3
error,3
payroll,3
urgency,3
later,3
congestion,3
crazy,3
catered,3
clarify,3
trending,3
innovatively,3
inquisitive,3
family,3
voluntary,3
involuntary,3
motivating,3
matrixed,3
excite,3
intended,3
lm,3
unquestioned,3
competence,3
netherlands,3
cleaning,3
compare,3
average,3
confirm,3
prompt,3
administering,3
courageous,3
conduit,3
receipt,3
somebody,3
recommending,3
comfortably,3
matrix,3
activated,3
augmenting,3
door,3
freedom,3
charm,3
haystack,3
mere,3
temperament,3
allowance,3
experienceq,3
hindi,3
rejig,3
formed,3
whose,3
political,3
stockholm,3
rgm,3
achieved,3
advantageous,3
weed,3
executor,3
determination,3
caribbean,3
premium,3
metropolitan,3
sandwich,3
gifted,3
delhi,3
gold,3
iq,3
georgia,3
shit,3
basket,3
temporally,3
seriously,3
adopt,3
confidential,3
participating,3
approximately,3
completing,3
hourly,3
18,3
positively,3
telemarketing,3
aspiration,3
obtain,3
sensible,3
reflect,3
respected,3
instant,3
energetic,3
hat,3
calibrate,3
evolves,3
c,3
skillset,3
ottawa,3
washington,3
none,3
venture,3
frontlines,3
corporation,3
sustained,3
dsp,3
dsps,3
manipulation,3
thoughtfully,3
sea,3
remains,3
hungry,3
circulating,3
meticulously,3
unpacking,3
takeaway,3
scientific,3
picking,3
foodie,3
fashion,3
meaning,3
approachable,3
penetration,3
won,3
janeiro,3
reactivation,3
occasion,3
late,3
segmenting,3
programmatic,3
buying,3
panel,3
march,3
2016,3
5m,3
ups,3
dm,3
churn,3
hitting,3
evergreen,3
suggest,3
creatives,3
radio,3
multichannel,3
finally,3
cohesion,3
promise,3
concurrently,3
thai,3
inertia,3
mortem,3
unsupervised,3
vertica,3
illustration,3
perfection,3
label,3
persuade,3
elicit,3
argument,3
locked,3
conscientious,3
tried,3
ego,3
viewpoint,3
battle,3
character,3
pull,3
telling,3
journalism,3
storyline,3
mea,3
instagram,3
requiring,3
told,3
qa,3
malaysia,3
buck,3
hearing,3
discus,3
calibre,3
contentious,3
rounded,3
motor,3
litigated,3
asian,3
vietnamese,3
centralized,3
registered,3
court,3
expansive,3
disclosure,3
governing,3
secretarial,3
regulated,3
absolute,3
relates,3
shifting,3
advocating,3
saved,3
reply,3
incubating,3
standardizing,3
captivate,3
precise,3
backed,3
powerful,3
tremendous,3
immense,3
adelaide,3
perth,3
scalably,3
discussing,3
sufficiency,3
grounded,3
romanian,3
prefered,3
czech,3
slovak,3
croatian,3
ton,3
airline,3
reactivity,3
would,3
institute,3
ac,3
asc,3
specialization,3
validating,3
bill,3
participation,3
consequence,3
memoranda,3
minumum,3
bespoke,3
spending,3
scheduled,3
liaison,3
specializing,3
inception,3
created,3
geographical,3
git,3
rmis,3
downstream,3
explanation,3
fluctuation,3
reserve,3
erm,3
enablement,3
cisa,3
percent,3
intersect,3
coso,3
iia,3
variance,3
versus,3
prepares,3
transformation,3
out,3
ipo,3
outsource,3
multitude,3
remediating,3
intellectually,3
informative,3
accrual,3
severity,3
osd,3
damage,3
processor,3
php,3
tco,3
rideshare,3
aggregation,3
samza,3
durability,3
sdk,3
endeavor,3
prefer,3
easier,3
schema,3
divide,3
derived,3
realtime,3
simulating,3
ember,3
graph,3
jumping,3
interviewer,3
seems,3
significantly,3
unmatched,3
dynamodb,3
horizontally,3
architect,3
ee,3
theano,3
economist,3
forming,3
incoming,3
nascent,3
theoretical,3
container,3
2012,3
r2,3
evolutionary,3
rdbms,3
experiential,3
fail,3
attempt,3
bridging,3
contextualizing,3
straight,3
featured,3
seen,3
75,3
wateringly,3
sweet,3
broaden,3
mythical,3
unicorn,3
substantially,3
touchpoints,3
soft,3
smb,3
analog,3
animation,3
journalist,3
osaka,3
obvious,3
existed,3
almost,3
wealth,3
verify,3
configure,3
atc,3
groundbreaking,3
pqp,3
enclosure,3
adapts,3
largely,3
raiser,3
neon,3
soldering,3
therein,3
viability,3
assign,3
wiring,3
hw,3
permanent,3
hpc,3
mockups,3
alias,3
ada,3
endless,2
commit,2
taxonomy,2
observe,2
mitigates,2
objectivec,2
semester,2
illustrate,2
interpretation,2
crafted,2
framer,2
four,2
pragmatism,2
thirst,2
cartographer,2
photoshop,2
sketch,2
hyperproductivity,2
commissioning,2
upgrade,2
preventing,2
attributing,2
phishing,2
encase,2
gcfa,2
oscp,2
forensics,2
guarantee,2
queuing,2
rabbitmq,2
storm,2
gcp,2
azure,2
protecting,2
lesson,2
indicator,2
expression,2
alert,2
shall,2
corresponding,2
impeccable,2
showing,2
screening,2
sla,2
chaos,2
disable,2
exigent,2
circumstance,2
checked,2
lawful,2
conversational,2
selecting,2
iteratively,2
harden,2
exploitation,2
privilege,2
excluding,2
india_sa,2
generated,2
interfacing,2
streamlined,2
seceng,2
operationally,2
funding,2
energize,2
debt,2
lack,2
though,2
excelling,2
reusable,2
judged,2
compassionate,2
exquisite,2
blocker,2
conviction,2
authentic,2
situationally,2
resiliency,2
yearly,2
inter,2
affordable,2
bother,2
northern,2
credible,2
select,2
committee,2
fire,2
persevering,2
standout,2
uberfreight,2
financier,2
obd2,2
theft,2
mileage,2
apping,2
unsafe,2
reassignment,2
depreciation,2
neutral,2
margin,2
student,2
bet,2
beneficial,2
seasonal,2
pmms,2
predicting,2
credibility,2
aligns,2
imagining,2
relentless,2
prioritisation,2
alleyway,2
dropped,2
mall,2
hairy,2
juggling,2
eventually,2
resilience,2
strives,2
appreciation,2
battery,2
superpumped,2
phasing,2
producer,2
incl,2
sourced,2
attain,2
refuse,2
adtech,2
employ,2
spear,2
usher,2
fulfill,2
compatibility,2
glossary,2
twice,2
italic,2
underline,2
audacious,2
curve,2
unify,2
directing,2
outline,2
interdependency,2
headed,2
pollution,2
overtime,2
eight,2
aarhus,2
diamond,2
rough,2
tenacious,2
diplomat,2
dependable,2
previously,2
chart,2
old,2
rigor,2
onwards,2
exit,2
sourcers,2
philosophy,2
faced,2
scared,2
determined,2
virtua,2
timescales,2
webinar,2
blended,2
resonates,2
flowchart,2
assertiveness,2
rewarded,2
cone,2
hvac,2
kitchen,2
shuffling,2
rfps,2
calculate,2
landlord,2
alarm,2
workstation,2
badge,2
canceling,2
stationery,2
administer,2
briefing,2
proofreads,2
compilation,2
ea,2
sounding,2
confidant,2
offsites,2
keeper,2
barometer,2
reconciling,2
mini,2
swag,2
happening,2
assisting,2
receptionist,2
tag,2
guest,2
awfully,2
1000,2
attracting,2
hrbps,2
pervasive,2
treat,2
beirut,2
amman,2
organisational,2
inherently,2
persistence,2
knit,2
kochi,2
psc,2
reinforce,2
intensely,2
bargaining,2
onsite,2
umbrella,2
ago,2
ncr,2
discounted,2
maximizes,2
expertly,2
serf,2
tackled,2
bogota,2
former,2
carrying,2
berlin,2
measureable,2
minimizing,2
diligently,2
jointly,2
occasionally,2
teacher,2
dealer,2
followed,2
defleeting,2
recovery,2
reconditioning,2
redeployment,2
marshalling,2
auction,2
apprise,2
utilisation,2
psr,2
spocs,2
performs,2
geographic,2
multifaceted,2
humility,2
decide,2
enthusiast,2
responsys,2
cheetahmail,2
competitiveness,2
instantly,2
arrears,2
wearing,2
comply,2
exercise,2
porto,2
josé,2
revolutionary,2
anticipation,2
else,2
min,2
wk,2
upsell,2
coachable,2
realistic,2
pleasant,2
80,2
ie,2
juice,2
flowing,2
station,2
unbeatable,2
comprises,2
madrid,2
milan,2
warsaw,2
land,2
arpu,2
ctr,2
fluidity,2
executional,2
correctness,2
beta,2
thriving,2
variable,2
beauty,2
dining,2
wasted,2
hack,2
brasil,2
category,2
keywords,2
keyword,2
construct,2
helm,2
lens,2
newsletter,2
promoter,2
pop,2
linkedin,2
wordpress,2
friend,2
collectively,2
consisting,2
relying,2
mine,2
dispersed,2
breakthrough,2
drill,2
d3,2
tasking,2
maximise,2
forth,2
annually,2
refresh,2
episodic,2
localise,2
relevance,2
incubation,2
greenfield,2
subscription,2
nurturing,2
tv,2
vp,2
coupled,2
19,2
21,2
22,2
negotiable,2
remain,2
diplomatic,2
depend,2
surprise,2
bd,2
diplomacy,2
homegrown,2
cyclical,2
shiny,2
conceptualisation,2
enrich,2
personalisation,2
spin,2
summarise,2
pertaining,2
bandit,2
standing,2
exceptionally,2
conceptualize,2
conceptually,2
potent,2
surrounding,2
300,2
brainstorming,2
syntax,2
shine,2
devour,2
banner,2
fifty,2
wrong,2
clever,2
phrase,2
sacrifice,2
precious,2
gem,2
considering,2
wisely,2
employing,2
film,2
award,2
uki,2
talked,2
enter,2
chapter,2
wider,2
infographics,2
elevated,2
cinema,2
simultaneous,2
ramp,2
segmented,2
incremental,2
canadian,2
revolutionising,2
scrappiness,2
lawsuit,2
sacrificed,2
gcc,2
jordan,2
morocco,2
lebanon,2
preeminent,2
factual,2
turnaround,2
nationally,2
supervise,2
more,2
calendaring,2
revising,2
intake,2
routine,2
repository,2
composition,2
officer,2
incorporation,2
ny,2
sweepstakes,2
contest,2
staying,2
ftc,2
accredited,2
corruption,2
comparable,2
any,2
breach,2
holding,2
straightforward,2
merger,2
divestiture,2
eprivacy,2
recognised,2
comment,2
publicly,2
holder,2
rulemaking,2
nhtsa,2
dmvs,2
temporary,2
white,2
glove,2
covered,2
witness,2
escalating,2
powering,2
overwhelmingly,2
fulfillment,2
lob,2
instructor,2
camtasia,2
specified,2
modify,2
irt,2
correctly,2
sens,2
copc,2
conducted,2
hacky,2
wfm,2
mixed,2
ticket,2
guru,2
shortcut,2
besides,2
raising,2
enjoyable,2
inventing,2
traveling,2
screenflow,2
unite,2
doubt,2
entail,2
standardize,2
conventional,2
hone,2
swing,2
3pm,2
limerick,2
arena,2
laying,2
totalling,2
eloquence,2
riding,2
cracow,2
confidently,2
composure,2
savviness,2
distribute,2
inspirational,2
adjust,2
info,2
minimally,2
standardise,2
identifies,2
controversy,2
i,2
pi,2
cofins,2
fortune,2
appeal,2
notice,2
memorandum,2
consolidated,2
taxable,2
asc718,2
stock,2
382,2
onesource,2
fulfilled,2
deficiency,2
ordination,2
author,2
renewal,2
casualty,2
placement,2
cardholder,2
performed,2
pl,2
j2ee,2
shell,2
coupa,2
acceptable,2
affected,2
treatment,2
arrangement,2
subpart,2
quarter,2
fee,2
literature,2
diversity,2
erosion,2
paperless,2
considerable,2
recognizing,2
maturing,2
emerge,2
chip,2
accommodating,2
expands,2
anticipated,2
ha,2
planned,2
athlete,2
balanced,2
redesign,2
ordinate,2
sf,2
hyperion,2
fx,2
reorganization,2
summarize,2
reached,2
added,2
controlling,2
methodical,2
advisory,2
hfm,2
shoring,2
fierce,2
introduction,2
warehouse,2
fewest,2
vba,2
exception,2
az,2
ifrs,2
handled,2
consignee,2
metadata,2
specialty,2
empowers,2
atom,2
suggestion,2
forwarding,2
bom,2
nomenclature,2
datacenter,2
ocp,2
open19,2
i18n,2
mentioned,2
haven,2
mesos,2
replicated,2
profiling,2
route,2
programmer,2
logging,2
ice,2
cream,2
complement,2
3pl,2
fluid,2
fiercely,2
fragmented,2
alone,2
econometrics,2
hiveql,2
fullstack,2
collapse,2
mistake,2
infectious,2
ditching,2
tweaking,2
filesystems,2
10x,2
concurrent,2
played,2
extend,2
uberhop,2
theme,2
sas,2
grunt,2
gulp,2
giving,2
driverobsessed,2
superhero,2
smallest,2
replacing,2
gaussian,2
mixture,2
rejection,2
cache,2
tremendously,2
invisible,2
subtle,2
absence,2
robustness,2
auditability,2
achievement,2
inferencing,2
geometry,2
monitored,2
interviewing,2
dense,2
canyon,2
solves,2
instrumental,2
solved,2
ii,2
accelerating,2
sided,2
ubernomics,2
rush,2
temporal,2
dimension,2
deepening,2
quantifying,2
nlp,2
aggregate,2
forever,2
frontline,2
insatiable,2
postgres,2
storing,2
trained,2
algorithmic,2
motherboards,2
sccm,2
mdt,2
wds,2
pxe,2
wsus,2
scep,2
chocolatey,2
or,2
cm,2
guard,2
emet,2
applocker,2
lap,2
mbam,2
publishing,2
haul,2
reimagining,2
alipay,2
300m,2
china,2
paypal,2
173m,2
entirety,2
oop,2
uberair,2
evaluated,2
foundational,2
nonrelational,2
mark,2
moore,2
somewhat,2
encompassing,2
ill,2
opposition,2
garnering,2
succinctly,2
unambiguously,2
pixel,2
scikitlearn,2
aerial,2
blueprint,2
tightly,2
lay,2
evtols,2
merely,2
boil,2
ocean,2
simulated,2
modelled,2
utm,2
interoperate,2
piloted,2
reflecting,2
evtol,2
unfold,2
demonstration,2
2020,2
2023,2
2025,2
socialize,2
relate,2
introduce,2
timeframes,2
grey,2
green,2
replace,2
park,2
pioneer,2
verbally,2
commonly,2
transcription,2
vsco,2
clicking,2
shoot,2
unexpected,2
eat,2
meaningfully,2
offs,2
basecamp,2
realize,2
lie,2
setter,2
celebrated,2
emulated,2
copied,2
produced,2
describing,2
cmyk,2
resonate,2
reporter,2
outlet,2
ahmedabad,2
repetitive,2
saas,2
tiny,2
sincere,2
corporates,2
converted,2
tracker,2
bangkok,2
sydney,2
brisbane,2
franchise,2
confirmed,2
discovering,2
amplify,2
emailing,2
coachability,2
infectiously,2
offboard,2
reasoning,2
imagine,2
generates,2
gathered,2
drop,2
behave,2
merging,2
robotic,2
lqg,2
infinity,2
gauge,2
casting,2
injection,2
molding,2
characterize,2
vibrational,2
humidity,2
subsystem,2
shock,2
vib,2
taas,2
cntk,2
bigtable,2
lucene,2
backends,2
crunch,2
square,2
bundle,2
kalman,2
filter,2
laboratory,2
pcb,2
tpm,2
vibration,2
unreasonable,2
durable,2
extrapolate,2
artifact,2
aiding,2
empire,2
26262,2
sotif,2
attested,2
exist,2
skunkworks,2
defending,2
residual,2
aerospace,2
iec,2
61508,2
178,2
stpa,2
alara,2
multidisciplinary,2
planet,2
gaining,2
physically,2
meter,2
strain,2
relief,2
labeling,2
crimp,2
solder,2
pin,2
screw,2
burn,2
connector,2
cataloging,2
zuken,2
e3,2
diagnostic,2
uptime,2
portable,2
ansible,2
saltstack,2
vagrant,2
packer,2
terraform,2
cloudformation,2
amazon,2
vmware,2
esxi,2
horizon,2
lustre,2
freenas,2
bazel,2
manufacturability,2
eliminates,2
reduces,2
checkout,2
mrp,2
modeler,2
period,2
occupancy,2
ramsis,2
ergonomic,2
handheld,2
aosp,2
bootstrap,2
analysing,1
30th,1
59pm,1
sgt,1
apart,1
graduating,1
december,1
june,1
2019,1
august,1
interned,1
profit,1
overseas,1
amassed,1
veritable,1
treasure,1
trove,1
cornerstone,1
discoverable,1
quicker,1
steward,1
economical,1
majoring,1
biology,1
chemistry,1
prolifically,1
univrecruiting,1
forum,1
pov,1
brandwatch,1
crimson,1
hexagon,1
iconography,1
visuals,1
cracking,1
housing,1
stipend,1
examine,1
convincing,1
grand,1
waiting,1
coms,1
elsewhere,1
creator,1
infuse,1
differently,1
transit,1
wayfinding,1
clean,1
figma,1
invision,1
mapbox,1
1,1
cctv,1
gsoc,1
installs,1
installation,1
allowing,1
petabyte,1
healing,1
automatic,1
presented,1
memcache,1
apache,1
flink,1
bond,1
sri,1
oncall,1
siem,1
hids,1
nids,1
antivirus,1
packet,1
firewall,1
adversary,1
ttp,1
sdlc,1
heuristic,1
contributed,1
orchestration,1
postmortem,1
usable,1
login,1
immediately,1
encryption,1
postgresql,1
openid,1
oauth,1
saml,1
tl,1
pki,1
srilanka,1
bangladesh,1
quantifies,1
other,1
concentrate,1
macos,1
falsified,1
instrumentation,1
engsec,1
implementer,1
120,1
whitespace,1
okr,1
judiciously,1
continuity,1
bscs,1
propensity,1
adverse,1
centralization,1
customizable,1
extensibility,1
configurability,1
innovates,1
tailor,1
ticketing,1
entitlement,1
fund,1
discrepancy,1
chug,1
fortnightly,1
cheque,1
ach,1
irs,1
aging,1
pbcs,1
1099,1
receivables,1
transitioning,1
bookkeeping,1
quickbooks,1
simply,1
orally,1
campaigner,1
disrupted,1
entrenched,1
outdated,1
debate,1
heated,1
unblocking,1
reuse,1
soliciting,1
solidify,1
happily,1
habitual,1
initiator,1
servant,1
appetite,1
encompasses,1
weave,1
guardian,1
societal,1
blast,1
coveted,1
walmart,1
grocery,1
mcdonald,1
contextualize,1
weekday,1
commuting,1
optimally,1
equilibrium,1
allocate,1
ideating,1
earning,1
lending,1
persona,1
educates,1
65,1
indispensable,1
signature,1
charter,1
unleash,1
fired,1
believer,1
peak,1
bike,1
scooter,1
retailer,1
grocer,1
loyal,1
letting,1
crack,1
ceo,1
stats,1
quirky,1
extensible,1
energized,1
po,1
traceable,1
humanity,1
aggregating,1
incisive,1
spearheading,1
simplifying,1
mq,1
founder,1
distilling,1
technologist,1
vtol,1
ball,1
manufacturer,1
thorny,1
charting,1
coherent,1
widespread,1
disambiguating,1
happened,1
introspection,1
diagnosis,1
synthesis,1
conceptualizing,1
perseverance,1
ubers,1
centimeter,1
encode,1
static,1
avmap,1
driverless,1
lastly,1
av,1
glance,1
wheelchair,1
fulfilling,1
viewed,1
assistive,1
dedicate,1
systemic,1
linguistics,1
cat,1
smartling,1
worldserver,1
trados,1
memsource,1
sentence,1
optional,1
blackbelt,1
bear,1
outperform,1
terrific,1
sizing,1
quant,1
clarifier,1
playback,1
hcm,1
ccbs,1
completes,1
stumbled,1
serious,1
carpooling,1
kilometre,1
carbon,1
dioxide,1
gig,1
prob,1
sofia,1
ridiculous,1
transformative,1
gladly,1
construction,1
handover,1
exact,1
qualify,1
approval,1
dissemination,1
requester,1
pitfall,1
caseloads,1
developand,1
exempt,1
ma,1
od,1
refinement,1
fm,1
sketchup,1
revit,1
autocad,1
transformed,1
cafm,1
toss,1
onward,1
namer,1
scaleable,1
futureproof,1
enrollment,1
alumnus,1
icims,1
tossing,1
flawlessly,1
crowd,1
podcast,1
satisfying,1
appealing,1
multimedia,1
gaming,1
investing,1
sureness,1
hustlin,1
intro,1
varies,1
elt,1
porter,1
greeting,1
retaining,1
hrd,1
blend,1
levant,1
southampton,1
cardiff,1
bristol,1
bath,1
birmingham,1
patience,1
compassion,1
impression,1
malayalam,1
indore,1
telugu,1
kannada,1
resourcing,1
reliably,1
affordably,1
iconic,1
inflection,1
merchant,1
eur,1
swedish,1
courage,1
specialised,1
championing,1
gut,1
grit,1
forgetting,1
600,1
profitably,1
bound,1
ordinators,1
gritty,1
subregion,1
atlanta,1
eq,1
dhaka,1
basically,1
up,1
appointment,1
teleconference,1
conserve,1
society,1
accomplishing,1
speaker,1
ob,1
pressing,1
catalyzing,1
polished,1
successfull,1
eastern,1
province,1
organised,1
comprehensively,1
lion,1
toughness,1
independence,1
cajole,1
upskill,1
waterloo,1
delayed,1
perishable,1
ally,1
iberia,1
portugal,1
electric,1
bicycle,1
incomplete,1
sendgrid,1
subscriber,1
monetary,1
payout,1
combating,1
unearthing,1
rethinking,1
nerve,1
weighing,1
subsidy,1
deter,1
intervene,1
strategize,1
exemplary,1
rj,1
vitória,1
branco,1
velho,1
alegre,1
macapa,1
belo,1
horizonte,1
belem,1
aracaju,1
vt,1
aprendizagem,1
campos,1
sp,1
preto,1
salvador,1
recife,1
piracicaba,1
mogi,1
cruzes,1
maceio,1
jundiaí,1
joão,1
pessoa,1
joinville,1
fortaleza,1
feira,1
santana,1
curitiba,1
boa,1
vista,1
sao,1
luis,1
weeknight,1
gta,1
edmonton,1
montreal,1
calgary,1
persistently,1
avid,1
monday,1
friday,1
40hrs,1
undergoing,1
cityscape,1
metro,1
dupont,1
circle,1
reasonably,1
craving,1
funded,1
headquartered,1
470,1
entrepreneurship,1
barter,1
propel,1
discussed,1
mutual,1
vlookups,1
cpi,1
ir,1
cvr,1
roas,1
postbacks,1
install,1
fingerprinting,1
sugregional,1
overarching,1
orchestrate,1
achieves,1
dmp,1
granular,1
remarketing,1
typical,1
unusually,1
validates,1
alpha,1
mai,1
mae,1
unlocking,1
acquired,1
obsessively,1
extracting,1
assure,1
sem,1
tail,1
webmaster,1
rise,1
tweet,1
adversely,1
pmps,1
trading,1
dmps,1
regionally,1
colombian,1
deepen,1
syncs,1
overview,1
beverage,1
customized,1
thiruvananthapuram,1
storyboard,1
tame,1
upset,1
blogging,1
buff,1
exhibit,1
adjusting,1
graceful,1
humbly,1
variate,1
taleau,1
approaching,1
tasker,1
lose,1
doubleclick,1
minimumexperince,1
commercially,1
rhythm,1
unparalleled,1
omni,1
counted,1
taiwanese,1
korean,1
macau,1
evocative,1
young,1
edm,1
departmental,1
tact,1
she,1
touching,1
kellyn,1
kenny,1
reinvent,1
emotionally,1
ize,1
ensemble,1
graphical,1
scikit,1
jupyter,1
notebook,1
invests,1
music,1
festival,1
collateral,1
traditionally,1
philippine,1
splashy,1
connotation,1
synonym,1
itch,1
accruing,1
rationale,1
honestly,1
elicits,1
superpower,1
sensationalist,1
irresistible,1
cta,1
ingredient,1
recognize,1
rarely,1
survives,1
count,1
punctuation,1
atl,1
pushed,1
recognized,1
conceive,1
originate,1
conceiving,1
switching,1
suit,1
supervising,1
convenience,1
outlook,1
culinary,1
infused,1
wit,1
branded,1
johannesburg,1
youtube,1
snapchat,1
outbrain,1
santiago,1
promoting,1
intricacy,1
standardized,1
solo,1
utilise,1
informational,1
lift,1
hygiene,1
scoring,1
buyer,1
deepens,1
drip,1
triggered,1
adhering,1
namely,1
podcasts,1
seoul,1
edms,1
substantiate,1
cdmx,1
flywheel,1
agreed,1
is,1
lexis,1
wl,1
speech,1
clout,1
litigating,1
plaintiff,1
arbitration,1
coordinated,1
unemployment,1
accommodation,1
discrimination,1
harassment,1
ofccp,1
practicing,1
misclassification,1
substantive,1
illinois,1
vetting,1
mena,1
licensing,1
contingent,1
unwavering,1
utilized,1
pleading,1
docketing,1
redlines,1
comparing,1
trial,1
acrobat,1
unfamiliar,1
proofreading,1
spelling,1
shareholder,1
repurchase,1
cap,1
clearance,1
tcpa,1
nad,1
udaap,1
institution,1
official,1
discernment,1
agc,1
significance,1
comprising,1
materialise,1
projected,1
introductory,1
satisfy,1
compliant,1
telecommunication,1
expediency,1
italian,1
minimun,1
dpas,1
eu,1
dutch,1
cpuc,1
substantiation,1
legislator,1
restrictive,1
covenant,1
separation,1
handbook,1
empt,1
cooperation,1
jump,1
occur,1
bahasa,1
proposes,1
regulate,1
pucs,1
staffed,1
equip,1
localizing,1
iwork,1
addie,1
sam,1
rockstars,1
linkage,1
administered,1
facilitates,1
bogotá,1
te,1
workarounds,1
stake,1
selection,1
accepted,1
tandem,1
telephony,1
csat,1
innovent,1
powerfully,1
his,1
alexandria,1
maximising,1
handsomely,1
atmosphere,1
glh,1
myanmar,1
miami,1
fl,1
indianapolis,1
storyboards,1
wholistically,1
camptasia,1
packed,1
coworkers,1
pursuit,1
heard,1
graduation,1
primed,1
variation,1
recraft,1
behavioral,1
damaging,1
6am,1
12am,1
overnight,1
loaded,1
commission,1
wordsmith,1
literally,1
allstars,1
rolled,1
lxd,1
revise,1
rewrite,1
mapped,1
invested,1
responds,1
rebuilding,1
charming,1
rave,1
intensity,1
sort,1
elevating,1
ingrained,1
anticipates,1
eliminating,1
detract,1
laid,1
unnecessary,1
nobody,1
differentiated,1
voronezh,1
optimizer,1
hosting,1
snapshot,1
morning,1
motivational,1
stressor,1
negatively,1
reinforcing,1
founded,1
surpassing,1
timeliness,1
instinctive,1
negative,1
garner,1
excites,1
flexibly,1
signaling,1
seasonality,1
iex,1
aways,1
disseminate,1
dotted,1
minimising,1
inefficiency,1
kingdom,1
tiering,1
qbr,1
least10,1
county,1
articulates,1
withholding,1
organise,1
brazilian,1
icms,1
taxing,1
compose,1
actuary,1
cancellation,1
concur,1
particularity,1
maximisation,1
adopted,1
bpi,1
fpx,1
cfo,1
acceptance,1
arises,1
o2c,1
r2r,1
eb,1
interchange,1
porting,1
toolchains,1
subversion,1
cv,1
apex,1
premise,1
expensify,1
origami,1
conform,1
sarbanes,1
oxley,1
spends,1
reevaluate,1
memo,1
606,1
interim,1
portion,1
8858,1
5471,1
purchase,1
posting,1
fieldwork,1
assisted,1
caats,1
modesty,1
striking,1
extends,1
budgeted,1
processed,1
periodical,1
participates,1
determines,1
usgaap,1
approve,1
adhered,1
overdue,1
effected,1
negotiates,1
crystallize,1
takeholder,1
steering,1
categorize,1
pmo,1
excitement,1
upgrading,1
inch,1
assume,1
fasb,1
pronouncement,1
sponsoring,1
pulling,1
apprised,1
screen,1
facilitation,1
openly,1
formal,1
informal,1
enforcing,1
harborflex,1
cooperatively,1
acl,1
profession,1
scheme,1
obtaining,1
cch,1
ria,1
mst,1
filed,1
fa,1
applicability,1
itgcs,1
segregation,1
cissp,1
soc,1
subsidiary,1
elimination,1
je,1
currency,1
830,1
intiated,1
deficient,1
actioned,1
assimilating,1
imu,1
26,1
27,1
minimu,1
imbalance,1
likewise,1
downtown,1
tender,1
reported,1
validated,1
receiving,1
roundtable,1
fulfills,1
bodily,1
injury,1
moderate,1
receiver,1
standpoint,1
intent,1
validity,1
countermeasure,1
occurrence,1
notify,1
rejected,1
damaged,1
police,1
inspector,1
problematic,1
settlement,1
estimating,1
ccp,1
certified,1
carmack,1
amendment,1
minium,1
sa,1
qlik,1
sometime,1
recapitalizations,1
sdks,1
vc,1
undergo,1
lifecycles,1
spec,1
pocket,1
toe,1
dime,1
wear,1
jill,1
bag,1
till,1
majored,1
over,1
amd,1
sow,1
massively,1
l10n,1
committing,1
plural,1
icu,1
cldr,1
bidi,1
pseudo,1
linguist,1
inputting,1
undermining,1
jakarta,1
tel,1
aviv,1
actually,1
choosing,1
returning,1
favor,1
deciding,1
steadfast,1
sieze,1
radiate,1
positivity,1
responsiveness,1
containerization,1
aurora,1
zookeeper,1
grpc,1
tracing,1
datacenters,1
wisdom,1
amid,1
owns,1
eyeball,1
constitute,1
personalization,1
outing,1
scavenger,1
multicultural,1
enforced,1
shipment,1
minimize,1
forwarder,1
intricate,1
carnets,1
ibm,1
cognos,1
dimensional,1
recurring,1
revision,1
permission,1
formalized,1
turbointegrator,1
feeder,1
mdx,1
etls,1
useable,1
threaded,1
opengl,1
e,1
ci,1
visualizes,1
atleast,1
thrift,1
understandable,1
cooky,1
header,1
loading,1
weaving,1
hyperlocal,1
comprehensible,1
materially,1
empty,1
seat,1
ubercommute,1
rewiring,1
accommodate,1
virality,1
joined,1
traversal,1
dijkstra,1
dfs,1
bfs,1
bellman,1
ford,1
mallet,1
quantiles,1
arima,1
jamming,1
disbursement,1
captured,1
accelerates,1
ate,1
hugely,1
delegate,1
honest,1
occupies,1
sensory,1
nervous,1
surely,1
swiftly,1
consumption,1
empowerment,1
carcmobile,1
indian,1
querying,1
supercharges,1
chaotic,1
con,1
milk,1
ounce,1
vulkan,1
melting,1
shutdown,1
characteristic,1
imagery,1
destination,1
ce,1
constrained,1
cooperate,1
brainstorm,1
pytorch,1
maximal,1
delve,1
undertake,1
retrieve,1
rigorously,1
scientifically,1
studying,1
quantitatively,1
quoting,1
dynamically,1
priced,1
fairly,1
rarer,1
stimulating,1
coarser,1
accelerometer,1
gyroscope,1
difficulty,1
envelope,1
realm,1
incorporated,1
slew,1
productionizing,1
solidifying,1
imputation,1
inconsistent,1
predictor,1
ocr,1
floating,1
magnitude,1
traverse,1
characterizing,1
discrete,1
stochastic,1
batching,1
vrp,1
critically,1
utmost,1
genius,1
swap,1
granularity,1
enormous,1
foreseeing,1
acute,1
breakneck,1
mindst,1
sklearn,1
mllib,1
xgboost,1
tree,1
algos,1
gpus,1
kit,1
soon,1
courageously,1
s3,1
emr,1
consume,1
azkaban,1
oozie,1
impala,1
tpu,1
bmc,1
erratum,1
fest,1
orcad,1
allegro,1
pcie,1
drr,1
heath,1
cb,1
mac,1
ldap,1
kerberos,1
dhcp,1
wmi,1
snmp,1
magnify,1
equivalence,1
sufficient,1
originality,1
defying,1
technological,1
jenkins,1
closest,1
performant,1
tenant,1
uconnect,1
autobots,1
executes,1
iceberg,1
phenomenally,1
thanks,1
qualitifications,1
restful,1
100k,1
html5,1
sky,1
fiction,1
publish,1
otherwise,1
god,1
envy,1
harmonious,1
academia,1
loacal,1
beneath,1
philadelphia,1
1hr,1
eligible,1
accept,1
wish,1
mouth,1
watering,1
beautifully,1
staging,1
consent,1
tab,1
suitability,1
ethnography,1
intercept,1
excluded,1
shortcoming,1
userzoom,1
browser,1
increased,1
recently,1
promoted,1
exhilarating,1
surround,1
iterates,1
prolific,1
toolbelt,1
recycling,1
pony,1
trick,1
sequencing,1
standups,1
asana,1
lucidchart,1
uberx,1
surge,1
weather,1
kitten,1
slow,1
clap,1
nationality,1
watertight,1
comradery,1
liveable,1
000th,1
lea,1
iterative,1
yielding,1
missing,1
extraordinarily,1
avoiding,1
workthat,1
distinctive,1
remarkable,1
breathtaking,1
genuinely,1
visualizing,1
360,1
critique,1
310,1
microinteraction,1
notion,1
convince,1
wielded,1
ctas,1
microcopy,1
tweeted,1
speaks,1
hospital,1
recognizable,1
tendency,1
pack,1
punch,1
30k,1
classical,1
draper,1
breakdown,1
interdependent,1
spent,1
slaving,1
spacing,1
rounding,1
bump,1
2px,1
flawless,1
belt,1
icon,1
half,1
mastered,1
keyboard,1
rgb,1
refer,1
pantone,1
disciplined,1
dialogue,1
conveying,1
keynote,1
indesign,1
4d,1
max,1
premiere,1
vfx,1
improvise,1
beat,1
grassroots,1
grasstops,1
spokesperson,1
evangelising,1
remit,1
suggesting,1
backside,1
lifestyle,1
pune,1
chennai,1
chandigarh,1
salesperson,1
predictable,1
succeeding,1
adversity,1
disguised,1
exemplify,1
relaxed,1
formalize,1
domestically,1
nimble,1
kick,1
missed,1
sixth,1
plate,1
majority,1
flexing,1
stretching,1
pitching,1
relay,1
sitting,1
qualifying,1
pumpedness,1
having,1
founding,1
improves,1
slicing,1
dicing,1
customization,1
kolkata,1
seller,1
progression,1
correction,1
incrementality,1
sensitivity,1
experinece,1
sprint,1
initiating,1
latinamerica,1
decisive,1
qbrs,1
suitable,1
moved,1
franchisees,1
subteam,1
practicality,1
roving,1
squeeze,1
transporting,1
hil,1
automatically,1
hobbyist,1
ro,1
lin,1
flexray,1
ethernet,1
lqe,1
numerical,1
constrainted,1
systesm,1
commodity,1
shortfall,1
evaluates,1
plastic,1
jig,1
discovered,1
solidworks,1
machining,1
bending,1
stamping,1
forging,1
invented,1
fledged,1
parallelization,1
reconstruction,1
odometry,1
rtl,1
bench,1
oscilloscope,1
analyzer,1
incorrect,1
ic,1
carpentry,1
verilog,1
perfecting,1
mainstream,1
trying,1
facilitator,1
waterfall,1
suited,1
reasoned,1
imperfect,1
laptop,1
wrench,1
detroit,1
taken,1
postgis,1
rail,1
aboard,1
multitasking,1
helpdesk,1
complaince,1
restricted,1
deemed,1
auditin,1
gobal,1
sap,1
microcontrollers,1
pcbs,1
fpga,1
aersospace,1
sport,1
technivcal,1
phabricator,1
protoype,1
cuda,1
dl,1
worry,1
curation,1
indexing,1
pipelining,1
flask,1
harmony,1
simulink,1
vector,1
retrofitted,1
printed,1
lqr,1
fusion,1
flavor,1
automaotive,1
isolation,1
lock,1
optic,1
calibrating,1
biz,1
gtm,1
materializes,1
toolbox,1
cmake,1
displacing,1
repeatable,1
simulate,1
unambiguous,1
reproduce,1
summarizing,1
replicate,1
applies,1
braking,1
acceleration,1
outdoors,1
valid,1
cdl,1
legality,1
ingres,1
egress,1
weight,1
benchmark,1
catalogue,1
ergonomics,1
v5,1
interior,1
exterior,1
printing,1
milling,1
versioning,1
modo,1
rendering,1
keyshot,1
red,1
maya,1
ray,1
where,1
unreal,1
xunity,1
oculus,1
vive,1
inventive,1
pursues,1
retrofit,1
rxjava,1
dagger,1
lottie,1
handy,1
kotlin,1
ndk,1
devotion,1
enemy,1
integrates,1
heterogeneous,1
bootstrapping,1
bare,1
seeing,1
realized,1
verifying,1
optical,1
modal,1
